Workbook

Sheet 依賽道-個人紀錄
A1: 作者：Jintei Sacc系統 | I1: 作者：FoxBG CVS系統(RIP) | Q1: 作者：StarRiver Arts 跨系統 | Y1: @dropdown
A2: Akina Downhill秋名/下行 | E2: Akina Uphill秋名/上行 | I2: Nagao Downhill 長尾/下行 | M2: Shomaru Clockwise 正丸/順行 | Q2: 9Turns CVS Downhill 九彎十八拐/下行 | U2: 9Turns CVS Uphill 九彎十八拐/上行
A3: =IFERROR(__xludf.DUMMYFUNCTION("LET( 賽道, ""Akina"", 路線, ""DH"", 系統, ""Sacc"", 原始, FILTER('歷史紀錄'!$E$2:$H1168, '歷史紀錄'!$B$2:$B1168=賽道, '歷史紀錄'!$C$2:$C1168=路線, '歷史紀錄'!$I$2:$I1168=系統), 排序後, SORT(原始, 2, TRUE), 玩家, INDEX(排序後,,1), 唯一玩家, UNIQUE(玩家), 結果, MAP(唯一玩家, LAMBDA(p, "&" INDEX(FILTER(排序後, INDEX(排序後,,1)=p),1,0) )), 表頭, {""Player玩家"",""Time時間"",""Car車種"",""Platform平台""}, VSTACK(表頭, 結果) ) "),"Player玩家") -> Player玩家 | B3: =IFERROR(__xludf.DUMMYFUNCTION("""COMPUTED_VALUE"""),"Time時間") -> Time時間 | C3: =IFERROR(__xludf.DUMMYFUNCTION("""COMPUTED_VALUE"""),"Car車種") -> Car車種 | D3: =IFERROR(__xludf.DUMMYFUNCTION("""COMPUTED_VALUE"""),"Platform平台") -> Platform平台 | E3: =IFERROR(__xludf.DUMMYFUNCTION("LET( 賽道, ""Akina"", 路線, ""UH"", 系統, ""Sacc"", 原始, FILTER('歷史紀錄'!E2:H1168, '歷史紀錄'!B2:B1168=賽道, '歷史紀錄'!C2:C1168=路線, '歷史紀錄'!I2:I1168=系統), 排序後, SORT(原始, 2, TRUE), 玩家, INDEX(排序後,,1), 唯一玩家, UNIQUE(玩家), 結果, MAP(唯一玩家, LAMBDA(p, INDEX(FIL"&"TER(排序後, INDEX(排序後,,1)=p),1,0) )), 表頭, {""Player玩家"",""Time時間"",""Car車種"",""Platform平台""}, VSTACK(表頭, 結果) ) "),"Player玩家") -> Player玩家 | F3: =IFERROR(__xludf.DUMMYFUNCTION("""COMPUTED_VALUE"""),"Time時間") -> Time時間 | G3: =IFERROR(__xludf.DUMMYFUNCTION("""COMPUTED_VALUE"""),"Car車種") -> Car車種 | H3: =IFERROR(__xludf.DUMMYFUNCTION("""COMPUTED_VALUE"""),"Platform平台") -> Platform平台 | I3: =IFERROR(__xludf.DUMMYFUNCTION("LET( 賽道, ""Nagao"", 路線, ""DH"", 系統, ""CVS"", 原始, FILTER('歷史紀錄'!E2:H1168, '歷史紀錄'!B2:B1168=賽道, '歷史紀錄'!C2:C1168=路線, '歷史紀錄'!I2:I1168=系統), 排序後, SORT(原始, 2, TRUE), 玩家, INDEX(排序後,,1), 唯一玩家, UNIQUE(玩家), 結果, MAP(唯一玩家, LAMBDA(p, INDEX(FILT"&"ER(排序後, INDEX(排序後,,1)=p),1,0) )), 表頭, {""Player玩家"",""Time時間"",""Car車種"",""Platform平台""}, VSTACK(表頭, 結果) ) "),"Player玩家") -> Player玩家 | J3: =IFERROR(__xludf.DUMMYFUNCTION("""COMPUTED_VALUE"""),"Time時間") -> Time時間 | K3: =IFERROR(__xludf.DUMMYFUNCTION("""COMPUTED_VALUE"""),"Car車種") -> Car車種 | L3: =IFERROR(__xludf.DUMMYFUNCTION("""COMPUTED_VALUE"""),"Platform平台") -> Platform平台 | M3: =IFERROR(__xludf.DUMMYFUNCTION("LET( 賽道, ""Shomaru"", 路線, """", 系統, ""CVS"", 原始, FILTER('歷史紀錄'!E2:H1168, '歷史紀錄'!B2:B1168=賽道, '歷史紀錄'!C2:C1168=路線, '歷史紀錄'!I2:I1168=系統), 排序後, SORT(原始, 2, TRUE), 玩家, INDEX(排序後,,1), 唯一玩家, UNIQUE(玩家), 結果, MAP(唯一玩家, LAMBDA(p, INDEX(FILT"&"ER(排序後, INDEX(排序後,,1)=p),1,0) )), 表頭, {""Player玩家"",""Time時間"",""Car車種"",""Platform平台""}, VSTACK(表頭, 結果) ) "),"Player玩家") -> Player玩家 | N3: =IFERROR(__xludf.DUMMYFUNCTION("""COMPUTED_VALUE"""),"Time時間") -> Time時間 | O3: =IFERROR(__xludf.DUMMYFUNCTION("""COMPUTED_VALUE"""),"Car車種") -> Car車種 | P3: =IFERROR(__xludf.DUMMYFUNCTION("""COMPUTED_VALUE"""),"Platform平台") -> Platform平台 | Q3: =IFERROR(__xludf.DUMMYFUNCTION("LET( 賽道, ""PT:9T"", 路線, ""DH"", 系統, ""CVS"", 原始, FILTER('歷史紀錄'!E2:H1168, '歷史紀錄'!B2:B1168=賽道, '歷史紀錄'!C2:C1168=路線, '歷史紀錄'!I2:I1168=系統), 排序後, SORT(原始, 2, TRUE), 玩家, INDEX(排序後,,1), 唯一玩家, UNIQUE(玩家), 結果, MAP(唯一玩家, LAMBDA(p, INDEX(FILT"&"ER(排序後, INDEX(排序後,,1)=p),1,0) )), 表頭, {""Player玩家"",""Time時間"",""Car車種"",""Platform平台""}, VSTACK(表頭, 結果) ) "),"Player玩家") -> Player玩家 | R3: =IFERROR(__xludf.DUMMYFUNCTION("""COMPUTED_VALUE"""),"Time時間") -> Time時間 | S3: =IFERROR(__xludf.DUMMYFUNCTION("""COMPUTED_VALUE"""),"Car車種") -> Car車種 | T3: =IFERROR(__xludf.DUMMYFUNCTION("""COMPUTED_VALUE"""),"Platform平台") -> Platform平台 | U3: Player玩家 | V3: Time時間 | W3: Car車種 | X3: Platform平台
A4: =IFERROR(__xludf.DUMMYFUNCTION("""COMPUTED_VALUE"""),"Lolidia") -> Lolidia | B4: =IFERROR(__xludf.DUMMYFUNCTION("""COMPUTED_VALUE"""),0.0023936574074074073) -> 0.0023936574 | C4: =IFERROR(__xludf.DUMMYFUNCTION("""COMPUTED_VALUE"""),"AE86T-V2") -> AE86T-V2 | D4: =IFERROR(__xludf.DUMMYFUNCTION("""COMPUTED_VALUE"""),"PCVR") -> PCVR | E4: =IFERROR(__xludf.DUMMYFUNCTION("""COMPUTED_VALUE"""),"Lolidia") -> Lolidia | F4: =IFERROR(__xludf.DUMMYFUNCTION("""COMPUTED_VALUE"""),0.002610914351851852) -> 0.0026109144 | G4: =IFERROR(__xludf.DUMMYFUNCTION("""COMPUTED_VALUE"""),"AE86T-V2") -> AE86T-V2 | H4: =IFERROR(__xludf.DUMMYFUNCTION("""COMPUTED_VALUE"""),"PCVR") -> PCVR | I4: =IFERROR(__xludf.DUMMYFUNCTION("""COMPUTED_VALUE"""),"ねぎたま") -> ねぎたま | J4: =IFERROR(__xludf.DUMMYFUNCTION("""COMPUTED_VALUE"""),0.002542025462962963) -> 0.0025420255 | K4: =IFERROR(__xludf.DUMMYFUNCTION("""COMPUTED_VALUE"""),"X7 RR") -> X7 RR | L4: =IFERROR(__xludf.DUMMYFUNCTION("""COMPUTED_VALUE"""),"PCVR") -> PCVR | M4: =IFERROR(__xludf.DUMMYFUNCTION("""COMPUTED_VALUE"""),"#N/A") -> #N/A | N4: =IFERROR(__xludf.DUMMYFUNCTION("""COMPUTED_VALUE"""),"#N/A") -> #N/A | O4: =IFERROR(__xludf.DUMMYFUNCTION("""COMPUTED_VALUE"""),"#N/A") -> #N/A | P4: =IFERROR(__xludf.DUMMYFUNCTION("""COMPUTED_VALUE"""),"#N/A") -> #N/A | Q4: =IFERROR(__xludf.DUMMYFUNCTION("""COMPUTED_VALUE"""),"MotherEVO") -> MotherEVO | R4: =IFERROR(__xludf.DUMMYFUNCTION("""COMPUTED_VALUE"""),0.0038710300925925926) -> 0.0038710301 | S4: =IFERROR(__xludf.DUMMYFUNCTION("""COMPUTED_VALUE"""),"EVOIII/CE9A") -> EVOIII/CE9A | T4: =IFERROR(__xludf.DUMMYFUNCTION("""COMPUTED_VALUE"""),"PCVR") -> PCVR
A5: =IFERROR(__xludf.DUMMYFUNCTION("""COMPUTED_VALUE"""),"ikuhopen") -> ikuhopen | B5: =IFERROR(__xludf.DUMMYFUNCTION("""COMPUTED_VALUE"""),0.002443599537037037) -> 0.0024435995 | C5: =IFERROR(__xludf.DUMMYFUNCTION("""COMPUTED_VALUE"""),"GR86/ZN8") -> GR86/ZN8 | D5: =IFERROR(__xludf.DUMMYFUNCTION("""COMPUTED_VALUE"""),"PCVR") -> PCVR | E5: =IFERROR(__xludf.DUMMYFUNCTION("""COMPUTED_VALUE"""),"ZihChin") -> ZihChin | F5: =IFERROR(__xludf.DUMMYFUNCTION("""COMPUTED_VALUE"""),0.0027186689814814816) -> 0.002718669 | G5: =IFERROR(__xludf.DUMMYFUNCTION("""COMPUTED_VALUE"""),"GT86/ZN6") -> GT86/ZN6 | H5: =IFERROR(__xludf.DUMMYFUNCTION("""COMPUTED_VALUE"""),"PC") -> PC | I5: =IFERROR(__xludf.DUMMYFUNCTION("""COMPUTED_VALUE"""),"StarRiver Arts") -> StarRiver Arts | J5: =IFERROR(__xludf.DUMMYFUNCTION("""COMPUTED_VALUE"""),0.0034108796296296296) -> 0.0034108796 | K5: =IFERROR(__xludf.DUMMYFUNCTION("""COMPUTED_VALUE"""),"Karin 96") -> Karin 96 | L5: =IFERROR(__xludf.DUMMYFUNCTION("""COMPUTED_VALUE"""),"PC") -> PC | Q5: =IFERROR(__xludf.DUMMYFUNCTION("""COMPUTED_VALUE"""),"Lolidia") -> Lolidia | R5: =IFERROR(__xludf.DUMMYFUNCTION("""COMPUTED_VALUE"""),0.004538715277777778) -> 0.0045387153 | S5: =IFERROR(__xludf.DUMMYFUNCTION("""COMPUTED_VALUE"""),"SampleCar") -> SampleCar | T5: =IFERROR(__xludf.DUMMYFUNCTION("""COMPUTED_VALUE"""),"PCVR") -> PCVR
A6: =IFERROR(__xludf.DUMMYFUNCTION("""COMPUTED_VALUE"""),"菲娜 希琉絲") -> 菲娜 希琉絲 | B6: =IFERROR(__xludf.DUMMYFUNCTION("""COMPUTED_VALUE"""),0.0024633449074074076) -> 0.0024633449 | C6: =IFERROR(__xludf.DUMMYFUNCTION("""COMPUTED_VALUE"""),"AE86T-V2") -> AE86T-V2 | D6: =IFERROR(__xludf.DUMMYFUNCTION("""COMPUTED_VALUE"""),"PCVR") -> PCVR | E6: =IFERROR(__xludf.DUMMYFUNCTION("""COMPUTED_VALUE"""),"StarRiver Arts") -> StarRiver Arts | F6: =IFERROR(__xludf.DUMMYFUNCTION("""COMPUTED_VALUE"""),0.0029733796296296296) -> 0.0029733796 | G6: =IFERROR(__xludf.DUMMYFUNCTION("""COMPUTED_VALUE"""),"EVOIV/CN9A") -> EVOIV/CN9A | H6: =IFERROR(__xludf.DUMMYFUNCTION("""COMPUTED_VALUE"""),"PC") -> PC | I6: =IFERROR(__xludf.DUMMYFUNCTION("""COMPUTED_VALUE"""),"Test Driver") -> Test Driver | J6: =IFERROR(__xludf.DUMMYFUNCTION("""COMPUTED_VALUE"""),0.006944444444444444) -> 0.0069444444 | K6: =IFERROR(__xludf.DUMMYFUNCTION("""COMPUTED_VALUE"""),"Comet Custom") -> Comet Custom | Q6: =IFERROR(__xludf.DUMMYFUNCTION("""COMPUTED_VALUE"""),"Lireth") -> Lireth | R6: =IFERROR(__xludf.DUMMYFUNCTION("""COMPUTED_VALUE"""),0.0047026041666666666) -> 0.0047026042 | S6: =IFERROR(__xludf.DUMMYFUNCTION("""COMPUTED_VALUE"""),"SampleCar") -> SampleCar | T6: =IFERROR(__xludf.DUMMYFUNCTION("""COMPUTED_VALUE"""),"PCVR") -> PCVR
A7: =IFERROR(__xludf.DUMMYFUNCTION("""COMPUTED_VALUE"""),"『Sigma』") -> 『Sigma』 | B7: =IFERROR(__xludf.DUMMYFUNCTION("""COMPUTED_VALUE"""),0.002495983796296296) -> 0.0024959838 | C7: =IFERROR(__xludf.DUMMYFUNCTION("""COMPUTED_VALUE"""),"AE86T-V2") -> AE86T-V2 | D7: =IFERROR(__xludf.DUMMYFUNCTION("""COMPUTED_VALUE"""),"PC") -> PC | E7: =IFERROR(__xludf.DUMMYFUNCTION("""COMPUTED_VALUE"""),"Test Driver") -> Test Driver | F7: =IFERROR(__xludf.DUMMYFUNCTION("""COMPUTED_VALUE"""),0.006944444444444444) -> 0.0069444444 | G7: =IFERROR(__xludf.DUMMYFUNCTION("""COMPUTED_VALUE"""),"180SX") -> 180SX | Q7: =IFERROR(__xludf.DUMMYFUNCTION("""COMPUTED_VALUE"""),"アビドサスヒカリ") -> アビドサスヒカリ | R7: =IFERROR(__xludf.DUMMYFUNCTION("""COMPUTED_VALUE"""),0.004801944444444445) -> 0.0048019444 | S7: =IFERROR(__xludf.DUMMYFUNCTION("""COMPUTED_VALUE"""),"EVOIII/CE9A") -> EVOIII/CE9A | T7: =IFERROR(__xludf.DUMMYFUNCTION("""COMPUTED_VALUE"""),"PC") -> PC
A8: =IFERROR(__xludf.DUMMYFUNCTION("""COMPUTED_VALUE"""),"Yune") -> Yune | B8: =IFERROR(__xludf.DUMMYFUNCTION("""COMPUTED_VALUE"""),0.0025360763888888885) -> 0.0025360764 | C8: =IFERROR(__xludf.DUMMYFUNCTION("""COMPUTED_VALUE"""),"GC8-F (Impreza)") -> GC8-F (Impreza) | D8: =IFERROR(__xludf.DUMMYFUNCTION("""COMPUTED_VALUE"""),"PC") -> PC | Q8: =IFERROR(__xludf.DUMMYFUNCTION("""COMPUTED_VALUE"""),"Doyakyon") -> Doyakyon | R8: =IFERROR(__xludf.DUMMYFUNCTION("""COMPUTED_VALUE"""),0.004922835648148148) -> 0.0049228356 | S8: =IFERROR(__xludf.DUMMYFUNCTION("""COMPUTED_VALUE"""),"EVOIII/CE9A") -> EVOIII/CE9A | T8: =IFERROR(__xludf.DUMMYFUNCTION("""COMPUTED_VALUE"""),"PCVR") -> PCVR
A9: =IFERROR(__xludf.DUMMYFUNCTION("""COMPUTED_VALUE"""),"Kinokono_Tenka") -> Kinokono_Tenka | B9: =IFERROR(__xludf.DUMMYFUNCTION("""COMPUTED_VALUE"""),0.002562048611111111) -> 0.0025620486 | C9: =IFERROR(__xludf.DUMMYFUNCTION("""COMPUTED_VALUE"""),"EG6 (civic)") -> EG6 (civic) | D9: =IFERROR(__xludf.DUMMYFUNCTION("""COMPUTED_VALUE"""),"PCVR") -> PCVR | Q9: =IFERROR(__xludf.DUMMYFUNCTION("""COMPUTED_VALUE"""),"StarRiver Arts") -> StarRiver Arts | R9: =IFERROR(__xludf.DUMMYFUNCTION("""COMPUTED_VALUE"""),0.0049515856481481485) -> 0.0049515856 | S9: =IFERROR(__xludf.DUMMYFUNCTION("""COMPUTED_VALUE"""),"EVOIII/CE9A") -> EVOIII/CE9A | T9: =IFERROR(__xludf.DUMMYFUNCTION("""COMPUTED_VALUE"""),"PC") -> PC
A10: =IFERROR(__xludf.DUMMYFUNCTION("""COMPUTED_VALUE"""),"Rushia Angel") -> Rushia Angel | B10: =IFERROR(__xludf.DUMMYFUNCTION("""COMPUTED_VALUE"""),0.0025628472222222224) -> 0.0025628472 | C10: =IFERROR(__xludf.DUMMYFUNCTION("""COMPUTED_VALUE"""),"BNR32") -> BNR32 | D10: =IFERROR(__xludf.DUMMYFUNCTION("""COMPUTED_VALUE"""),"PC") -> PC | Q10: =IFERROR(__xludf.DUMMYFUNCTION("""COMPUTED_VALUE"""),"Yukira雪夜") -> Yukira雪夜 | R10: =IFERROR(__xludf.DUMMYFUNCTION("""COMPUTED_VALUE"""),0.008214108796296296) -> 0.0082141088 | S10: =IFERROR(__xludf.DUMMYFUNCTION("""COMPUTED_VALUE"""),"Bus") -> Bus | T10: =IFERROR(__xludf.DUMMYFUNCTION("""COMPUTED_VALUE"""),"PCVR") -> PCVR
A11: =IFERROR(__xludf.DUMMYFUNCTION("""COMPUTED_VALUE"""),"StarRiver Arts") -> StarRiver Arts | B11: =IFERROR(__xludf.DUMMYFUNCTION("""COMPUTED_VALUE"""),0.0025968402777777778) -> 0.0025968403 | C11: =IFERROR(__xludf.DUMMYFUNCTION("""COMPUTED_VALUE"""),"EVOIV/CN9A") -> EVOIV/CN9A | D11: =IFERROR(__xludf.DUMMYFUNCTION("""COMPUTED_VALUE"""),"PC") -> PC
A12: =IFERROR(__xludf.DUMMYFUNCTION("""COMPUTED_VALUE"""),"アビドサスヒカリ") -> アビドサスヒカリ | B12: =IFERROR(__xludf.DUMMYFUNCTION("""COMPUTED_VALUE"""),0.0025991550925925926) -> 0.0025991551 | C12: =IFERROR(__xludf.DUMMYFUNCTION("""COMPUTED_VALUE"""),"S30Z(Nissan Fairlady Z/Devil Z)") -> S30Z(Nissan Fairlady Z/Devil Z) | D12: =IFERROR(__xludf.DUMMYFUNCTION("""COMPUTED_VALUE"""),"PC") -> PC | I12: Momiji Downhill 紅葉坂/下行 | M12: Sekia Hills | Q12: 9Turns Sacc Downhill 九彎十八拐/下行 | U12: 9Turns Sacc Uphill 九彎十八拐/上行
A13: =IFERROR(__xludf.DUMMYFUNCTION("""COMPUTED_VALUE"""),"redfrogss") -> redfrogss | B13: =IFERROR(__xludf.DUMMYFUNCTION("""COMPUTED_VALUE"""),0.00266712962962963) -> 0.0026671296 | C13: =IFERROR(__xludf.DUMMYFUNCTION("""COMPUTED_VALUE"""),"BNR32") -> BNR32 | D13: =IFERROR(__xludf.DUMMYFUNCTION("""COMPUTED_VALUE"""),"PCVR") -> PCVR | I13: =IFERROR(__xludf.DUMMYFUNCTION("LET( 賽道, ""Momiji"", 路線, ""DH"", 系統, ""CVS"", 原始, FILTER('歷史紀錄'!$E$2:H1168, '歷史紀錄'!$B$2:B1168=賽道, '歷史紀錄'!$C$2:C1168=路線, '歷史紀錄'!$I$2:I1168=系統), 排序後, SORT(原始, 2, TRUE), 玩家, INDEX(排序後,,1), 唯一玩家, UNIQUE(玩家), 結果, MAP(唯一玩家, LAMBDA(p, I"&"NDEX(FILTER(排序後, INDEX(排序後,,1)=p),1,0) )), 表頭, {""Player玩家"",""Time時間"",""Car車種"",""Platform平台""}, VSTACK(表頭, 結果) ) "),"Player玩家") -> Player玩家 | J13: =IFERROR(__xludf.DUMMYFUNCTION("""COMPUTED_VALUE"""),"Time時間") -> Time時間 | K13: =IFERROR(__xludf.DUMMYFUNCTION("""COMPUTED_VALUE"""),"Car車種") -> Car車種 | L13: =IFERROR(__xludf.DUMMYFUNCTION("""COMPUTED_VALUE"""),"Platform平台") -> Platform平台 | M13: =IFERROR(__xludf.DUMMYFUNCTION("LET( 賽道, """", 路線, ""DH"", 系統, ""CVS"", 原始, FILTER('歷史紀錄'!E2:H1168, '歷史紀錄'!B2:B1168=賽道, '歷史紀錄'!C2:C1168=路線, '歷史紀錄'!I2:I1168=系統), 排序後, SORT(原始, 2, TRUE), 玩家, INDEX(排序後,,1), 唯一玩家, UNIQUE(玩家), 結果, MAP(唯一玩家, LAMBDA(p, INDEX(FILTER(排序"&"後, INDEX(排序後,,1)=p),1,0) )), 表頭, {""Player玩家"",""Time時間"",""Car車種"",""Platform平台""}, VSTACK(表頭, 結果) ) "),"Player玩家") -> Player玩家 | N13: =IFERROR(__xludf.DUMMYFUNCTION("""COMPUTED_VALUE"""),"Time時間") -> Time時間 | O13: =IFERROR(__xludf.DUMMYFUNCTION("""COMPUTED_VALUE"""),"Car車種") -> Car車種 | P13: =IFERROR(__xludf.DUMMYFUNCTION("""COMPUTED_VALUE"""),"Platform平台") -> Platform平台 | Q13: Player玩家 | R13: Time時間 | S13: Car車種 | T13: Platform平台 | U13: Player玩家 | V13: Time時間 | W13: Car車種 | X13: Platform平台
A14: =IFERROR(__xludf.DUMMYFUNCTION("""COMPUTED_VALUE"""),"LinWu_05") -> LinWu_05 | B14: =IFERROR(__xludf.DUMMYFUNCTION("""COMPUTED_VALUE"""),0.0027110300925925926) -> 0.0027110301 | C14: =IFERROR(__xludf.DUMMYFUNCTION("""COMPUTED_VALUE"""),"GC8-F (Impreza)") -> GC8-F (Impreza) | D14: =IFERROR(__xludf.DUMMYFUNCTION("""COMPUTED_VALUE"""),"PC") -> PC | I14: =IFERROR(__xludf.DUMMYFUNCTION("""COMPUTED_VALUE"""),"Lolidia") -> Lolidia | J14: =IFERROR(__xludf.DUMMYFUNCTION("""COMPUTED_VALUE"""),0.0022057291666666666) -> 0.0022057292 | K14: =IFERROR(__xludf.DUMMYFUNCTION("""COMPUTED_VALUE"""),"Karin 96") -> Karin 96 | L14: =IFERROR(__xludf.DUMMYFUNCTION("""COMPUTED_VALUE"""),"PCVR") -> PCVR | M14: =IFERROR(__xludf.DUMMYFUNCTION("""COMPUTED_VALUE"""),"#N/A") -> #N/A | N14: =IFERROR(__xludf.DUMMYFUNCTION("""COMPUTED_VALUE"""),"#N/A") -> #N/A | O14: =IFERROR(__xludf.DUMMYFUNCTION("""COMPUTED_VALUE"""),"#N/A") -> #N/A | P14: =IFERROR(__xludf.DUMMYFUNCTION("""COMPUTED_VALUE"""),"#N/A") -> #N/A
A15: =IFERROR(__xludf.DUMMYFUNCTION("""COMPUTED_VALUE"""),"Sakanakokokoko") -> Sakanakokokoko | B15: =IFERROR(__xludf.DUMMYFUNCTION("""COMPUTED_VALUE"""),0.003489201388888889) -> 0.0034892014 | C15: =IFERROR(__xludf.DUMMYFUNCTION("""COMPUTED_VALUE"""),"FD3S (RX7)(TT)") -> FD3S (RX7)(TT) | D15: =IFERROR(__xludf.DUMMYFUNCTION("""COMPUTED_VALUE"""),"PC") -> PC | I15: =IFERROR(__xludf.DUMMYFUNCTION("""COMPUTED_VALUE"""),"ねぎたま") -> ねぎたま | J15: =IFERROR(__xludf.DUMMYFUNCTION("""COMPUTED_VALUE"""),0.002222199074074074) -> 0.0022221991 | K15: =IFERROR(__xludf.DUMMYFUNCTION("""COMPUTED_VALUE"""),"X7 RR") -> X7 RR | L15: =IFERROR(__xludf.DUMMYFUNCTION("""COMPUTED_VALUE"""),"PCVR") -> PCVR
A16: =IFERROR(__xludf.DUMMYFUNCTION("""COMPUTED_VALUE"""),"Yuanji Deca") -> Yuanji Deca | B16: =IFERROR(__xludf.DUMMYFUNCTION("""COMPUTED_VALUE"""),0.003531770833333333) -> 0.0035317708 | C16: =IFERROR(__xludf.DUMMYFUNCTION("""COMPUTED_VALUE"""),"AE86T-V2") -> AE86T-V2 | D16: =IFERROR(__xludf.DUMMYFUNCTION("""COMPUTED_VALUE"""),"PC") -> PC | I16: =IFERROR(__xludf.DUMMYFUNCTION("""COMPUTED_VALUE"""),"BannRaven") -> BannRaven | J16: =IFERROR(__xludf.DUMMYFUNCTION("""COMPUTED_VALUE"""),0.002424664351851852) -> 0.0024246644 | K16: =IFERROR(__xludf.DUMMYFUNCTION("""COMPUTED_VALUE"""),"Revolution VIII") -> Revolution VIII | L16: =IFERROR(__xludf.DUMMYFUNCTION("""COMPUTED_VALUE"""),"PCVR") -> PCVR
A17: =IFERROR(__xludf.DUMMYFUNCTION("""COMPUTED_VALUE"""),"Test Driver") -> Test Driver | B17: =IFERROR(__xludf.DUMMYFUNCTION("""COMPUTED_VALUE"""),0.006944444444444444) -> 0.0069444444 | C17: =IFERROR(__xludf.DUMMYFUNCTION("""COMPUTED_VALUE"""),"AE86L") -> AE86L | I17: =IFERROR(__xludf.DUMMYFUNCTION("""COMPUTED_VALUE"""),"VRCGPaul") -> VRCGPaul | J17: =IFERROR(__xludf.DUMMYFUNCTION("""COMPUTED_VALUE"""),0.002528541666666667) -> 0.0025285417 | K17: =IFERROR(__xludf.DUMMYFUNCTION("""COMPUTED_VALUE"""),"Emrydes") -> Emrydes | L17: =IFERROR(__xludf.DUMMYFUNCTION("""COMPUTED_VALUE"""),"PCVR") -> PCVR
I18: =IFERROR(__xludf.DUMMYFUNCTION("""COMPUTED_VALUE"""),"LinWu_05") -> LinWu_05 | J18: =IFERROR(__xludf.DUMMYFUNCTION("""COMPUTED_VALUE"""),0.0029710763888888894) -> 0.0029710764 | K18: =IFERROR(__xludf.DUMMYFUNCTION("""COMPUTED_VALUE"""),"NA1 (NSX)") -> NA1 (NSX) | L18: =IFERROR(__xludf.DUMMYFUNCTION("""COMPUTED_VALUE"""),"PC") -> PC
I19: =IFERROR(__xludf.DUMMYFUNCTION("""COMPUTED_VALUE"""),"StarRiver Arts") -> StarRiver Arts | J19: =IFERROR(__xludf.DUMMYFUNCTION("""COMPUTED_VALUE"""),0.0031942476851851854) -> 0.0031942477 | K19: =IFERROR(__xludf.DUMMYFUNCTION("""COMPUTED_VALUE"""),"Highline TT") -> Highline TT | L19: =IFERROR(__xludf.DUMMYFUNCTION("""COMPUTED_VALUE"""),"PC") -> PC | Q19: WuLing CVS Downhill 武嶺/下行 | U19: WuLing CVS Uphill 武嶺/上行
I20: =IFERROR(__xludf.DUMMYFUNCTION("""COMPUTED_VALUE"""),"Rushia Angel") -> Rushia Angel | J20: =IFERROR(__xludf.DUMMYFUNCTION("""COMPUTED_VALUE"""),0.003328981481481482) -> 0.0033289815 | K20: =IFERROR(__xludf.DUMMYFUNCTION("""COMPUTED_VALUE"""),"Emrydes") -> Emrydes | L20: =IFERROR(__xludf.DUMMYFUNCTION("""COMPUTED_VALUE"""),"PC") -> PC | Q20: =IFERROR(__xludf.DUMMYFUNCTION("LET( 賽道, ""WuLing"", 路線, ""DH"", 系統, ""CVS"", 原始, FILTER('歷史紀錄'!E2:H1168, '歷史紀錄'!B2:B1168=賽道, '歷史紀錄'!C2:C1168=路線, '歷史紀錄'!I2:I1168=系統), 排序後, SORT(原始, 2, TRUE), 玩家, INDEX(排序後,,1), 唯一玩家, UNIQUE(玩家), 結果, MAP(唯一玩家, LAMBDA(p, INDEX(FIL"&"TER(排序後, INDEX(排序後,,1)=p),1,0) )), 表頭, {""Player玩家"",""Time時間"",""Car車種"",""Platform平台""}, VSTACK(表頭, 結果) ) "),"Player玩家") -> Player玩家 | R20: =IFERROR(__xludf.DUMMYFUNCTION("""COMPUTED_VALUE"""),"Time時間") -> Time時間 | S20: =IFERROR(__xludf.DUMMYFUNCTION("""COMPUTED_VALUE"""),"Car車種") -> Car車種 | T20: =IFERROR(__xludf.DUMMYFUNCTION("""COMPUTED_VALUE"""),"Platform平台") -> Platform平台 | U20: =IFERROR(__xludf.DUMMYFUNCTION("LET( 賽道, ""WuLing"", 路線, ""UH"", 系統, ""CVS"", 原始, FILTER('歷史紀錄'!E2:H1168, '歷史紀錄'!B2:B1168=賽道, '歷史紀錄'!C2:C1168=路線, '歷史紀錄'!I2:I1168=系統), 排序後, SORT(原始, 2, TRUE), 玩家, INDEX(排序後,,1), 唯一玩家, UNIQUE(玩家), 結果, MAP(唯一玩家, LAMBDA(p, INDEX(FIL"&"TER(排序後, INDEX(排序後,,1)=p),1,0) )), 表頭, {""Player玩家"",""Time時間"",""Car車種"",""Platform平台""}, VSTACK(表頭, 結果) ) "),"Player玩家") -> Player玩家 | V20: =IFERROR(__xludf.DUMMYFUNCTION("""COMPUTED_VALUE"""),"Time時間") -> Time時間 | W20: =IFERROR(__xludf.DUMMYFUNCTION("""COMPUTED_VALUE"""),"Car車種") -> Car車種 | X20: =IFERROR(__xludf.DUMMYFUNCTION("""COMPUTED_VALUE"""),"Platform平台") -> Platform平台
I21: =IFERROR(__xludf.DUMMYFUNCTION("""COMPUTED_VALUE"""),"Test Driver") -> Test Driver | J21: =IFERROR(__xludf.DUMMYFUNCTION("""COMPUTED_VALUE"""),0.006944444444444444) -> 0.0069444444 | K21: =IFERROR(__xludf.DUMMYFUNCTION("""COMPUTED_VALUE"""),"Revolution VIII") -> Revolution VIII | Q21: =IFERROR(__xludf.DUMMYFUNCTION("""COMPUTED_VALUE"""),"#N/A") -> #N/A | R21: =IFERROR(__xludf.DUMMYFUNCTION("""COMPUTED_VALUE"""),"#N/A") -> #N/A | S21: =IFERROR(__xludf.DUMMYFUNCTION("""COMPUTED_VALUE"""),"#N/A") -> #N/A | T21: =IFERROR(__xludf.DUMMYFUNCTION("""COMPUTED_VALUE"""),"#N/A") -> #N/A | U21: =IFERROR(__xludf.DUMMYFUNCTION("""COMPUTED_VALUE"""),"#N/A") -> #N/A | V21: =IFERROR(__xludf.DUMMYFUNCTION("""COMPUTED_VALUE"""),"#N/A") -> #N/A | W21: =IFERROR(__xludf.DUMMYFUNCTION("""COMPUTED_VALUE"""),"#N/A") -> #N/A | X21: =IFERROR(__xludf.DUMMYFUNCTION("""COMPUTED_VALUE"""),"#N/A") -> #N/A
I22: =IFERROR(__xludf.DUMMYFUNCTION("""COMPUTED_VALUE"""),"MrValentine") -> MrValentine | J22: =IFERROR(__xludf.DUMMYFUNCTION("""COMPUTED_VALUE"""),0.0078115393518518525) -> 0.0078115394 | K22: =IFERROR(__xludf.DUMMYFUNCTION("""COMPUTED_VALUE"""),"Comet Custom") -> Comet Custom | L22: =IFERROR(__xludf.DUMMYFUNCTION("""COMPUTED_VALUE"""),"PC") -> PC
A25: Akina UNLIMITED Downhill秋名 無限/下行 | E25: Akina UNLIMITED Uphill秋名 無限/上行 | Q25: StarSight Touge Downhill觀星山/下行 | U25: StarSight Touge Uphill觀星山/上行
A26: =IFERROR(__xludf.DUMMYFUNCTION("LET( 賽道, ""AkinaUN"", 路線, ""DH"", 系統, ""Sacc"", 原始, FILTER('歷史紀錄'!$E$2:$H1168, '歷史紀錄'!$B$2:$B1168=賽道, '歷史紀錄'!$C$2:$C1168=路線, '歷史紀錄'!$I$2:$I1168=系統), 排序後, SORT(原始, 2, TRUE), 玩家, INDEX(排序後,,1), 唯一玩家, UNIQUE(玩家), 結果, MAP(唯一玩家, LAMBDA(p, "&" INDEX(FILTER(排序後, INDEX(排序後,,1)=p),1,0) )), 表頭, {""Player玩家"",""Time時間"",""Car車種"",""Platform平台""}, VSTACK(表頭, 結果) ) "),"Player玩家") -> Player玩家 | B26: =IFERROR(__xludf.DUMMYFUNCTION("""COMPUTED_VALUE"""),"Time時間") -> Time時間 | C26: =IFERROR(__xludf.DUMMYFUNCTION("""COMPUTED_VALUE"""),"Car車種") -> Car車種 | D26: =IFERROR(__xludf.DUMMYFUNCTION("""COMPUTED_VALUE"""),"Platform平台") -> Platform平台 | E26: =IFERROR(__xludf.DUMMYFUNCTION("LET( 賽道, ""AkinaUN"", 路線, ""UH"", 系統, ""Sacc"", 原始, FILTER('歷史紀錄'!$E$2:$H1168, '歷史紀錄'!$B$2:$B1168=賽道, '歷史紀錄'!$C$2:$C1168=路線, '歷史紀錄'!$I$2:$I1168=系統), 排序後, SORT(原始, 2, TRUE), 玩家, INDEX(排序後,,1), 唯一玩家, UNIQUE(玩家), 結果, MAP(唯一玩家, LAMBDA(p, "&" INDEX(FILTER(排序後, INDEX(排序後,,1)=p),1,0) )), 表頭, {""Player玩家"",""Time時間"",""Car車種"",""Platform平台""}, VSTACK(表頭, 結果) ) "),"Player玩家") -> Player玩家 | F26: =IFERROR(__xludf.DUMMYFUNCTION("""COMPUTED_VALUE"""),"Time時間") -> Time時間 | G26: =IFERROR(__xludf.DUMMYFUNCTION("""COMPUTED_VALUE"""),"Car車種") -> Car車種 | H26: =IFERROR(__xludf.DUMMYFUNCTION("""COMPUTED_VALUE"""),"Platform平台") -> Platform平台 | I26: Bihoku Highland Circuit | Q26: =IFERROR(__xludf.DUMMYFUNCTION("LET( 賽道, ""StarSight"", 路線, ""DH"", 系統, ""CVS"", 原始, FILTER('歷史紀錄'!E8:H1168, '歷史紀錄'!B8:B1168=賽道, '歷史紀錄'!C8:C1168=路線, '歷史紀錄'!I8:I1168=系統), 排序後, SORT(原始, 2, TRUE), 玩家, INDEX(排序後,,1), 唯一玩家, UNIQUE(玩家), 結果, MAP(唯一玩家, LAMBDA(p, INDEX("&"FILTER(排序後, INDEX(排序後,,1)=p),1,0) )), 表頭, {""Player玩家"",""Time時間"",""Car車種"",""Platform平台""}, VSTACK(表頭, 結果) ) "),"Player玩家") -> Player玩家 | R26: =IFERROR(__xludf.DUMMYFUNCTION("""COMPUTED_VALUE"""),"Time時間") -> Time時間 | S26: =IFERROR(__xludf.DUMMYFUNCTION("""COMPUTED_VALUE"""),"Car車種") -> Car車種 | T26: =IFERROR(__xludf.DUMMYFUNCTION("""COMPUTED_VALUE"""),"Platform平台") -> Platform平台 | U26: =IFERROR(__xludf.DUMMYFUNCTION("LET( 賽道, ""StarSight"", 路線, ""UH"", 系統, ""CVS"", 原始, FILTER('歷史紀錄'!I8:N1168, '歷史紀錄'!F8:F1168=賽道, '歷史紀錄'!G8:G1168=路線, '歷史紀錄'!O8:O1168=系統), 排序後, SORT(原始, 2, TRUE), 玩家, INDEX(排序後,,1), 唯一玩家, UNIQUE(玩家), 結果, MAP(唯一玩家, LAMBDA(p, INDEX("&"FILTER(排序後, INDEX(排序後,,1)=p),1,0) )), 表頭, {""Player玩家"",""Time時間"",""Car車種"",""Platform平台""}, VSTACK(表頭, 結果) ) "),"Player玩家") -> Player玩家 | V26: =IFERROR(__xludf.DUMMYFUNCTION("""COMPUTED_VALUE"""),"Time時間") -> Time時間 | W26: =IFERROR(__xludf.DUMMYFUNCTION("""COMPUTED_VALUE"""),"Car車種") -> Car車種 | X26: =IFERROR(__xludf.DUMMYFUNCTION("""COMPUTED_VALUE"""),"Platform平台") -> Platform平台
A27: =IFERROR(__xludf.DUMMYFUNCTION("""COMPUTED_VALUE"""),"Lolidia") -> Lolidia | B27: =IFERROR(__xludf.DUMMYFUNCTION("""COMPUTED_VALUE"""),0.0025432175925925926) -> 0.0025432176 | C27: =IFERROR(__xludf.DUMMYFUNCTION("""COMPUTED_VALUE"""),"AE86T") -> AE86T | D27: =IFERROR(__xludf.DUMMYFUNCTION("""COMPUTED_VALUE"""),"PCVR") -> PCVR | E27: =IFERROR(__xludf.DUMMYFUNCTION("""COMPUTED_VALUE"""),"Test Driver") -> Test Driver | F27: =IFERROR(__xludf.DUMMYFUNCTION("""COMPUTED_VALUE"""),0.006944444444444444) -> 0.0069444444 | G27: =IFERROR(__xludf.DUMMYFUNCTION("""COMPUTED_VALUE"""),"AE86T-V2") -> AE86T-V2 | I27: =IFERROR(__xludf.DUMMYFUNCTION("LET( 賽道, """", 路線, ""DH"", 系統, ""CVS"", 原始, FILTER('歷史紀錄'!$E$2:H1168, '歷史紀錄'!$B$2:B1168=賽道, '歷史紀錄'!$C$2:C1168=路線, '歷史紀錄'!$I$2:I1168=系統), 排序後, SORT(原始, 2, TRUE), 玩家, INDEX(排序後,,1), 唯一玩家, UNIQUE(玩家), 結果, MAP(唯一玩家, LAMBDA(p, INDEX(F"&"ILTER(排序後, INDEX(排序後,,1)=p),1,0) )), 表頭, {""Player玩家"",""Time時間"",""Car車種"",""Platform平台""}, VSTACK(表頭, 結果) ) "),"Player玩家") -> Player玩家 | J27: =IFERROR(__xludf.DUMMYFUNCTION("""COMPUTED_VALUE"""),"Time時間") -> Time時間 | K27: =IFERROR(__xludf.DUMMYFUNCTION("""COMPUTED_VALUE"""),"Car車種") -> Car車種 | L27: =IFERROR(__xludf.DUMMYFUNCTION("""COMPUTED_VALUE"""),"Platform平台") -> Platform平台 | M27: =IFERROR(__xludf.DUMMYFUNCTION("LET( 賽道, """", 路線, ""DH"", 系統, ""CVS"", 原始, FILTER('歷史紀錄'!E16:H1168, '歷史紀錄'!B16:B1168=賽道, '歷史紀錄'!C16:C1168=路線, '歷史紀錄'!I16:I1168=系統), 排序後, SORT(原始, 2, TRUE), 玩家, INDEX(排序後,,1), 唯一玩家, UNIQUE(玩家), 結果, MAP(唯一玩家, LAMBDA(p, INDEX(FILTE"&"R(排序後, INDEX(排序後,,1)=p),1,0) )), 表頭, {""Player玩家"",""Time時間"",""Car車種"",""Platform平台""}, VSTACK(表頭, 結果) ) "),"Player玩家") -> Player玩家 | N27: =IFERROR(__xludf.DUMMYFUNCTION("""COMPUTED_VALUE"""),"Time時間") -> Time時間 | O27: =IFERROR(__xludf.DUMMYFUNCTION("""COMPUTED_VALUE"""),"Car車種") -> Car車種 | P27: =IFERROR(__xludf.DUMMYFUNCTION("""COMPUTED_VALUE"""),"Platform平台") -> Platform平台 | Q27: =IFERROR(__xludf.DUMMYFUNCTION("""COMPUTED_VALUE"""),"Lolidia") -> Lolidia | R27: =IFERROR(__xludf.DUMMYFUNCTION("""COMPUTED_VALUE"""),0.0010182638888888889) -> 0.0010182639 | S27: =IFERROR(__xludf.DUMMYFUNCTION("""COMPUTED_VALUE"""),"EVO3") -> EVO3 | T27: =IFERROR(__xludf.DUMMYFUNCTION("""COMPUTED_VALUE"""),"PCVR") -> PCVR | U27: =IFERROR(__xludf.DUMMYFUNCTION("""COMPUTED_VALUE"""),"#N/A") -> #N/A | V27: =IFERROR(__xludf.DUMMYFUNCTION("""COMPUTED_VALUE"""),"#N/A") -> #N/A | W27: =IFERROR(__xludf.DUMMYFUNCTION("""COMPUTED_VALUE"""),"#N/A") -> #N/A | X27: =IFERROR(__xludf.DUMMYFUNCTION("""COMPUTED_VALUE"""),"#N/A") -> #N/A
A28: =IFERROR(__xludf.DUMMYFUNCTION("""COMPUTED_VALUE"""),"ikuhopen") -> ikuhopen | B28: =IFERROR(__xludf.DUMMYFUNCTION("""COMPUTED_VALUE"""),0.0025631944444444448) -> 0.0025631944 | C28: =IFERROR(__xludf.DUMMYFUNCTION("""COMPUTED_VALUE"""),"GT86/ZN6") -> GT86/ZN6 | D28: =IFERROR(__xludf.DUMMYFUNCTION("""COMPUTED_VALUE"""),"PCVR") -> PCVR | I28: =IFERROR(__xludf.DUMMYFUNCTION("""COMPUTED_VALUE"""),"#N/A") -> #N/A | J28: =IFERROR(__xludf.DUMMYFUNCTION("""COMPUTED_VALUE"""),"#N/A") -> #N/A | K28: =IFERROR(__xludf.DUMMYFUNCTION("""COMPUTED_VALUE"""),"#N/A") -> #N/A | L28: =IFERROR(__xludf.DUMMYFUNCTION("""COMPUTED_VALUE"""),"#N/A") -> #N/A | M28: =IFERROR(__xludf.DUMMYFUNCTION("""COMPUTED_VALUE"""),"#N/A") -> #N/A | N28: =IFERROR(__xludf.DUMMYFUNCTION("""COMPUTED_VALUE"""),"#N/A") -> #N/A | O28: =IFERROR(__xludf.DUMMYFUNCTION("""COMPUTED_VALUE"""),"#N/A") -> #N/A | P28: =IFERROR(__xludf.DUMMYFUNCTION("""COMPUTED_VALUE"""),"#N/A") -> #N/A | Q28: =IFERROR(__xludf.DUMMYFUNCTION("""COMPUTED_VALUE"""),"ねぎたま") -> ねぎたま | R28: =IFERROR(__xludf.DUMMYFUNCTION("""COMPUTED_VALUE"""),0.001018287037037037) -> 0.001018287 | S28: =IFERROR(__xludf.DUMMYFUNCTION("""COMPUTED_VALUE"""),"EVO3") -> EVO3 | T28: =IFERROR(__xludf.DUMMYFUNCTION("""COMPUTED_VALUE"""),"PCVR") -> PCVR
A29: =IFERROR(__xludf.DUMMYFUNCTION("""COMPUTED_VALUE"""),"StarRiver Arts") -> StarRiver Arts | B29: =IFERROR(__xludf.DUMMYFUNCTION("""COMPUTED_VALUE"""),0.0029052893518518516) -> 0.0029052894 | C29: =IFERROR(__xludf.DUMMYFUNCTION("""COMPUTED_VALUE"""),"Comfort") -> Comfort | D29: =IFERROR(__xludf.DUMMYFUNCTION("""COMPUTED_VALUE"""),"PC") -> PC | Q29: =IFERROR(__xludf.DUMMYFUNCTION("""COMPUTED_VALUE"""),"Light_Spirit") -> Light_Spirit | R29: =IFERROR(__xludf.DUMMYFUNCTION("""COMPUTED_VALUE"""),0.0010786226851851853) -> 0.0010786227 | S29: =IFERROR(__xludf.DUMMYFUNCTION("""COMPUTED_VALUE"""),"Macchiato") -> Macchiato | T29: =IFERROR(__xludf.DUMMYFUNCTION("""COMPUTED_VALUE"""),"PCVR") -> PCVR
A30: =IFERROR(__xludf.DUMMYFUNCTION("""COMPUTED_VALUE"""),"ZihChin") -> ZihChin | B30: =IFERROR(__xludf.DUMMYFUNCTION("""COMPUTED_VALUE"""),0.003164930555555556) -> 0.0031649306 | C30: =IFERROR(__xludf.DUMMYFUNCTION("""COMPUTED_VALUE"""),"HCR32") -> HCR32 | D30: =IFERROR(__xludf.DUMMYFUNCTION("""COMPUTED_VALUE"""),"PC") -> PC | Q30: =IFERROR(__xludf.DUMMYFUNCTION("""COMPUTED_VALUE"""),"StarRiver Arts") -> StarRiver Arts | R30: =IFERROR(__xludf.DUMMYFUNCTION("""COMPUTED_VALUE"""),0.0010796643518518518) -> 0.0010796644 | S30: =IFERROR(__xludf.DUMMYFUNCTION("""COMPUTED_VALUE"""),"EVO3") -> EVO3 | T30: =IFERROR(__xludf.DUMMYFUNCTION("""COMPUTED_VALUE"""),"PC") -> PC
A31: =IFERROR(__xludf.DUMMYFUNCTION("""COMPUTED_VALUE"""),"Test Driver") -> Test Driver | B31: =IFERROR(__xludf.DUMMYFUNCTION("""COMPUTED_VALUE"""),0.006944444444444444) -> 0.0069444444 | C31: =IFERROR(__xludf.DUMMYFUNCTION("""COMPUTED_VALUE"""),"2000GT") -> 2000GT | Q31: =IFERROR(__xludf.DUMMYFUNCTION("""COMPUTED_VALUE"""),"アビドサスヒカリ") -> アビドサスヒカリ | R31: =IFERROR(__xludf.DUMMYFUNCTION("""COMPUTED_VALUE"""),0.0010816319444444445) -> 0.0010816319 | S31: =IFERROR(__xludf.DUMMYFUNCTION("""COMPUTED_VALUE"""),"EVO3") -> EVO3 | T31: =IFERROR(__xludf.DUMMYFUNCTION("""COMPUTED_VALUE"""),"PCVR") -> PCVR
Q32: =IFERROR(__xludf.DUMMYFUNCTION("""COMPUTED_VALUE"""),"Chrno_C") -> Chrno_C | R32: =IFERROR(__xludf.DUMMYFUNCTION("""COMPUTED_VALUE"""),0.0010866782407407407) -> 0.0010866782 | S32: =IFERROR(__xludf.DUMMYFUNCTION("""COMPUTED_VALUE"""),"EVO3") -> EVO3 | T32: =IFERROR(__xludf.DUMMYFUNCTION("""COMPUTED_VALUE"""),"PCVR") -> PCVR
A33: Myogi Downhill妙義/下行 (Arcade Stage) | E33: Myogi Uphill妙義/上行 (Arcade Stage) | Q33: =IFERROR(__xludf.DUMMYFUNCTION("""COMPUTED_VALUE"""),"Yangtao") -> Yangtao | R33: =IFERROR(__xludf.DUMMYFUNCTION("""COMPUTED_VALUE"""),0.0011427430555555555) -> 0.0011427431 | S33: =IFERROR(__xludf.DUMMYFUNCTION("""COMPUTED_VALUE"""),"LapinTuned") -> LapinTuned | T33: =IFERROR(__xludf.DUMMYFUNCTION("""COMPUTED_VALUE"""),"PCVR") -> PCVR
A34: =IFERROR(__xludf.DUMMYFUNCTION("LET( 賽道, ""Myogi (ASV)"", 路線, ""DH"", 系統, ""Sacc"", 原始, FILTER('歷史紀錄'!$E$2:$H1168, '歷史紀錄'!$B$2:$B1168=賽道, '歷史紀錄'!$C$2:$C1168=路線, '歷史紀錄'!$I$2:$I1168=系統), 排序後, SORT(原始, 2, TRUE), 玩家, INDEX(排序後,,1), 唯一玩家, UNIQUE(玩家), 結果, MAP(唯一玩家, LAMBDA("&"p, INDEX(FILTER(排序後, INDEX(排序後,,1)=p),1,0) )), 表頭, {""Player玩家"",""Time時間"",""Car車種"",""Platform平台""}, VSTACK(表頭, 結果) ) "),"Player玩家") -> Player玩家 | B34: =IFERROR(__xludf.DUMMYFUNCTION("""COMPUTED_VALUE"""),"Time時間") -> Time時間 | C34: =IFERROR(__xludf.DUMMYFUNCTION("""COMPUTED_VALUE"""),"Car車種") -> Car車種 | D34: =IFERROR(__xludf.DUMMYFUNCTION("""COMPUTED_VALUE"""),"Platform平台") -> Platform平台 | E34: =IFERROR(__xludf.DUMMYFUNCTION("LET( 賽道, ""Myogi (ASV)"", 路線, ""UH"", 系統, ""Sacc"", 原始, FILTER('歷史紀錄'!$E$2:$H1168, '歷史紀錄'!$B$2:$B1168=賽道, '歷史紀錄'!$C$2:$C1168=路線, '歷史紀錄'!$I$2:$I1168=系統), 排序後, SORT(原始, 2, TRUE), 玩家, INDEX(排序後,,1), 唯一玩家, UNIQUE(玩家), 結果, MAP(唯一玩家, LAMBDA("&"p, INDEX(FILTER(排序後, INDEX(排序後,,1)=p),1,0) )), 表頭, {""Player玩家"",""Time時間"",""Car車種"",""Platform平台""}, VSTACK(表頭, 結果) ) "),"Player玩家") -> Player玩家 | F34: =IFERROR(__xludf.DUMMYFUNCTION("""COMPUTED_VALUE"""),"Time時間") -> Time時間 | G34: =IFERROR(__xludf.DUMMYFUNCTION("""COMPUTED_VALUE"""),"Car車種") -> Car車種 | H34: =IFERROR(__xludf.DUMMYFUNCTION("""COMPUTED_VALUE"""),"Platform平台") -> Platform平台 | I34: =IFERROR(__xludf.DUMMYFUNCTION("LET( 賽道, """", 路線, ""DH"", 系統, ""CVS"", 原始, FILTER('歷史紀錄'!$E$2:H1168, '歷史紀錄'!$B$2:B1168=賽道, '歷史紀錄'!$C$2:C1168=路線, '歷史紀錄'!$I$2:I1168=系統), 排序後, SORT(原始, 2, TRUE), 玩家, INDEX(排序後,,1), 唯一玩家, UNIQUE(玩家), 結果, MAP(唯一玩家, LAMBDA(p, INDEX(F"&"ILTER(排序後, INDEX(排序後,,1)=p),1,0) )), 表頭, {""Player玩家"",""Time時間"",""Car車種"",""Platform平台""}, VSTACK(表頭, 結果) ) "),"Player玩家") -> Player玩家 | J34: =IFERROR(__xludf.DUMMYFUNCTION("""COMPUTED_VALUE"""),"Time時間") -> Time時間 | K34: =IFERROR(__xludf.DUMMYFUNCTION("""COMPUTED_VALUE"""),"Car車種") -> Car車種 | L34: =IFERROR(__xludf.DUMMYFUNCTION("""COMPUTED_VALUE"""),"Platform平台") -> Platform平台 | M34: =IFERROR(__xludf.DUMMYFUNCTION("LET( 賽道, """", 路線, ""DH"", 系統, ""CVS"", 原始, FILTER('歷史紀錄'!E22:H1168, '歷史紀錄'!B22:B1168=賽道, '歷史紀錄'!C22:C1168=路線, '歷史紀錄'!I22:I1168=系統), 排序後, SORT(原始, 2, TRUE), 玩家, INDEX(排序後,,1), 唯一玩家, UNIQUE(玩家), 結果, MAP(唯一玩家, LAMBDA(p, INDEX(FILTE"&"R(排序後, INDEX(排序後,,1)=p),1,0) )), 表頭, {""Player玩家"",""Time時間"",""Car車種"",""Platform平台""}, VSTACK(表頭, 結果) ) "),"Player玩家") -> Player玩家 | N34: =IFERROR(__xludf.DUMMYFUNCTION("""COMPUTED_VALUE"""),"Time時間") -> Time時間 | O34: =IFERROR(__xludf.DUMMYFUNCTION("""COMPUTED_VALUE"""),"Car車種") -> Car車種 | P34: =IFERROR(__xludf.DUMMYFUNCTION("""COMPUTED_VALUE"""),"Platform平台") -> Platform平台 | Q34: =IFERROR(__xludf.DUMMYFUNCTION("""COMPUTED_VALUE"""),"LinWu_05") -> LinWu_05 | R34: =IFERROR(__xludf.DUMMYFUNCTION("""COMPUTED_VALUE"""),0.0011741898148148148) -> 0.0011741898 | S34: =IFERROR(__xludf.DUMMYFUNCTION("""COMPUTED_VALUE"""),"Macchiato") -> Macchiato | T34: =IFERROR(__xludf.DUMMYFUNCTION("""COMPUTED_VALUE"""),"PC") -> PC
A35: =IFERROR(__xludf.DUMMYFUNCTION("""COMPUTED_VALUE"""),"Lolidia") -> Lolidia | B35: =IFERROR(__xludf.DUMMYFUNCTION("""COMPUTED_VALUE"""),0.002172326388888889) -> 0.0021723264 | C35: =IFERROR(__xludf.DUMMYFUNCTION("""COMPUTED_VALUE"""),"BNR32") -> BNR32 | D35: =IFERROR(__xludf.DUMMYFUNCTION("""COMPUTED_VALUE"""),"PCVR") -> PCVR | E35: =IFERROR(__xludf.DUMMYFUNCTION("""COMPUTED_VALUE"""),"StarRiver Arts") -> StarRiver Arts | F35: =IFERROR(__xludf.DUMMYFUNCTION("""COMPUTED_VALUE"""),0.002464525462962963) -> 0.0024645255 | G35: =IFERROR(__xludf.DUMMYFUNCTION("""COMPUTED_VALUE"""),"EVOVII/CT9A") -> EVOVII/CT9A | H35: =IFERROR(__xludf.DUMMYFUNCTION("""COMPUTED_VALUE"""),"PC") -> PC | I35: =IFERROR(__xludf.DUMMYFUNCTION("""COMPUTED_VALUE"""),"#N/A") -> #N/A | J35: =IFERROR(__xludf.DUMMYFUNCTION("""COMPUTED_VALUE"""),"#N/A") -> #N/A | K35: =IFERROR(__xludf.DUMMYFUNCTION("""COMPUTED_VALUE"""),"#N/A") -> #N/A | L35: =IFERROR(__xludf.DUMMYFUNCTION("""COMPUTED_VALUE"""),"#N/A") -> #N/A | M35: =IFERROR(__xludf.DUMMYFUNCTION("""COMPUTED_VALUE"""),"#N/A") -> #N/A | N35: =IFERROR(__xludf.DUMMYFUNCTION("""COMPUTED_VALUE"""),"#N/A") -> #N/A | O35: =IFERROR(__xludf.DUMMYFUNCTION("""COMPUTED_VALUE"""),"#N/A") -> #N/A | P35: =IFERROR(__xludf.DUMMYFUNCTION("""COMPUTED_VALUE"""),"#N/A") -> #N/A | Q35: =IFERROR(__xludf.DUMMYFUNCTION("""COMPUTED_VALUE"""),"Kinokono_Tenka") -> Kinokono_Tenka | R35: =IFERROR(__xludf.DUMMYFUNCTION("""COMPUTED_VALUE"""),0.0012289814814814815) -> 0.0012289815 | S35: =IFERROR(__xludf.DUMMYFUNCTION("""COMPUTED_VALUE"""),"LapinTuned") -> LapinTuned | T35: =IFERROR(__xludf.DUMMYFUNCTION("""COMPUTED_VALUE"""),"PCVR") -> PCVR
A36: =IFERROR(__xludf.DUMMYFUNCTION("""COMPUTED_VALUE"""),"~Antidote~") -> ~Antidote~ | B36: =IFERROR(__xludf.DUMMYFUNCTION("""COMPUTED_VALUE"""),0.002233321759259259) -> 0.0022333218 | C36: =IFERROR(__xludf.DUMMYFUNCTION("""COMPUTED_VALUE"""),"EVOVII/CT9A") -> EVOVII/CT9A | D36: =IFERROR(__xludf.DUMMYFUNCTION("""COMPUTED_VALUE"""),"PCVR") -> PCVR | E36: =IFERROR(__xludf.DUMMYFUNCTION("""COMPUTED_VALUE"""),"LinWu_05") -> LinWu_05 | F36: =IFERROR(__xludf.DUMMYFUNCTION("""COMPUTED_VALUE"""),0.0024857407407407406) -> 0.0024857407 | G36: =IFERROR(__xludf.DUMMYFUNCTION("""COMPUTED_VALUE"""),"380SX") -> 380SX | H36: =IFERROR(__xludf.DUMMYFUNCTION("""COMPUTED_VALUE"""),"PC") -> PC | Q36: =IFERROR(__xludf.DUMMYFUNCTION("""COMPUTED_VALUE"""),"_Aqua") -> _Aqua | R36: =IFERROR(__xludf.DUMMYFUNCTION("""COMPUTED_VALUE"""),0.0012419560185185185) -> 0.001241956 | S36: =IFERROR(__xludf.DUMMYFUNCTION("""COMPUTED_VALUE"""),"LapinTuned") -> LapinTuned | T36: =IFERROR(__xludf.DUMMYFUNCTION("""COMPUTED_VALUE"""),"Quest") -> Quest
A37: =IFERROR(__xludf.DUMMYFUNCTION("""COMPUTED_VALUE"""),"Yune") -> Yune | B37: =IFERROR(__xludf.DUMMYFUNCTION("""COMPUTED_VALUE"""),0.002247222222222222) -> 0.0022472222 | C37: =IFERROR(__xludf.DUMMYFUNCTION("""COMPUTED_VALUE"""),"SilEighty") -> SilEighty | D37: =IFERROR(__xludf.DUMMYFUNCTION("""COMPUTED_VALUE"""),"PC") -> PC | E37: =IFERROR(__xludf.DUMMYFUNCTION("""COMPUTED_VALUE"""),"Test Driver") -> Test Driver | F37: =IFERROR(__xludf.DUMMYFUNCTION("""COMPUTED_VALUE"""),0.006944444444444444) -> 0.0069444444 | G37: =IFERROR(__xludf.DUMMYFUNCTION("""COMPUTED_VALUE"""),"BNR32") -> BNR32 | Q37: =IFERROR(__xludf.DUMMYFUNCTION("""COMPUTED_VALUE"""),"Linjeyooo") -> Linjeyooo | R37: =IFERROR(__xludf.DUMMYFUNCTION("""COMPUTED_VALUE"""),0.0012636921296296296) -> 0.0012636921 | S37: =IFERROR(__xludf.DUMMYFUNCTION("""COMPUTED_VALUE"""),"LapinTuned") -> LapinTuned | T37: =IFERROR(__xludf.DUMMYFUNCTION("""COMPUTED_VALUE"""),"PCVR") -> PCVR
A38: =IFERROR(__xludf.DUMMYFUNCTION("""COMPUTED_VALUE"""),"Kinokono_Tenka") -> Kinokono_Tenka | B38: =IFERROR(__xludf.DUMMYFUNCTION("""COMPUTED_VALUE"""),0.0022519675925925923) -> 0.0022519676 | C38: =IFERROR(__xludf.DUMMYFUNCTION("""COMPUTED_VALUE"""),"EG6 (civic)") -> EG6 (civic) | D38: =IFERROR(__xludf.DUMMYFUNCTION("""COMPUTED_VALUE"""),"PCVR") -> PCVR | Q38: =IFERROR(__xludf.DUMMYFUNCTION("""COMPUTED_VALUE"""),"CH-流光-黃") -> CH-流光-黃 | R38: =IFERROR(__xludf.DUMMYFUNCTION("""COMPUTED_VALUE"""),0.0012930787037037036) -> 0.0012930787 | S38: =IFERROR(__xludf.DUMMYFUNCTION("""COMPUTED_VALUE"""),"Macchiato") -> Macchiato | T38: =IFERROR(__xludf.DUMMYFUNCTION("""COMPUTED_VALUE"""),"PCVR") -> PCVR
A39: =IFERROR(__xludf.DUMMYFUNCTION("""COMPUTED_VALUE"""),"StarRiver Arts") -> StarRiver Arts | B39: =IFERROR(__xludf.DUMMYFUNCTION("""COMPUTED_VALUE"""),0.002267546296296296) -> 0.0022675463 | C39: =IFERROR(__xludf.DUMMYFUNCTION("""COMPUTED_VALUE"""),"SilEighty") -> SilEighty | D39: =IFERROR(__xludf.DUMMYFUNCTION("""COMPUTED_VALUE"""),"PC") -> PC | Q39: =IFERROR(__xludf.DUMMYFUNCTION("""COMPUTED_VALUE"""),"起名字好煩人") -> 起名字好煩人 | R39: =IFERROR(__xludf.DUMMYFUNCTION("""COMPUTED_VALUE"""),0.0012930787037037036) -> 0.0012930787 | S39: =IFERROR(__xludf.DUMMYFUNCTION("""COMPUTED_VALUE"""),"EVO3") -> EVO3 | T39: =IFERROR(__xludf.DUMMYFUNCTION("""COMPUTED_VALUE"""),"PCVR") -> PCVR
A40: =IFERROR(__xludf.DUMMYFUNCTION("""COMPUTED_VALUE"""),"ikuhopen") -> ikuhopen | B40: =IFERROR(__xludf.DUMMYFUNCTION("""COMPUTED_VALUE"""),0.0022929050925925925) -> 0.0022929051 | C40: =IFERROR(__xludf.DUMMYFUNCTION("""COMPUTED_VALUE"""),"S14Q") -> S14Q | D40: =IFERROR(__xludf.DUMMYFUNCTION("""COMPUTED_VALUE"""),"PC") -> PC | Q40: =IFERROR(__xludf.DUMMYFUNCTION("""COMPUTED_VALUE"""),"Sakanakokokoko") -> Sakanakokokoko | R40: =IFERROR(__xludf.DUMMYFUNCTION("""COMPUTED_VALUE"""),0.0012951388888888889) -> 0.0012951389 | S40: =IFERROR(__xludf.DUMMYFUNCTION("""COMPUTED_VALUE"""),"CoachKart") -> CoachKart | T40: =IFERROR(__xludf.DUMMYFUNCTION("""COMPUTED_VALUE"""),"PC") -> PC
A41: =IFERROR(__xludf.DUMMYFUNCTION("""COMPUTED_VALUE"""),"Ritcher_Yen") -> Ritcher_Yen | B41: =IFERROR(__xludf.DUMMYFUNCTION("""COMPUTED_VALUE"""),0.0023045833333333334) -> 0.0023045833 | C41: =IFERROR(__xludf.DUMMYFUNCTION("""COMPUTED_VALUE"""),"SilEighty") -> SilEighty | D41: =IFERROR(__xludf.DUMMYFUNCTION("""COMPUTED_VALUE"""),"PC") -> PC | I41: Aiden1408 CVS系統 | Q41: =IFERROR(__xludf.DUMMYFUNCTION("""COMPUTED_VALUE"""),"しんかさん") -> しんかさん | R41: =IFERROR(__xludf.DUMMYFUNCTION("""COMPUTED_VALUE"""),0.0013884027777777777) -> 0.0013884028 | S41: =IFERROR(__xludf.DUMMYFUNCTION("""COMPUTED_VALUE"""),"CoachKart") -> CoachKart | T41: =IFERROR(__xludf.DUMMYFUNCTION("""COMPUTED_VALUE"""),"PCVR") -> PCVR
A42: =IFERROR(__xludf.DUMMYFUNCTION("""COMPUTED_VALUE"""),"Rushia Angel") -> Rushia Angel | B42: =IFERROR(__xludf.DUMMYFUNCTION("""COMPUTED_VALUE"""),0.002318460648148148) -> 0.0023184606 | C42: =IFERROR(__xludf.DUMMYFUNCTION("""COMPUTED_VALUE"""),"EVOVII/CT9A") -> EVOVII/CT9A | D42: =IFERROR(__xludf.DUMMYFUNCTION("""COMPUTED_VALUE"""),"PC") -> PC | I42: Silverstone 銀石F1 | M42: LasVegas 拉斯維加斯F1 | Q42: =IFERROR(__xludf.DUMMYFUNCTION("""COMPUTED_VALUE"""),"你算是惹到棉花了") -> 你算是惹到棉花了 | R42: =IFERROR(__xludf.DUMMYFUNCTION("""COMPUTED_VALUE"""),0.0014482986111111111) -> 0.0014482986 | S42: =IFERROR(__xludf.DUMMYFUNCTION("""COMPUTED_VALUE"""),"Macchiato") -> Macchiato | T42: =IFERROR(__xludf.DUMMYFUNCTION("""COMPUTED_VALUE"""),"PCVR") -> PCVR
A43: =IFERROR(__xludf.DUMMYFUNCTION("""COMPUTED_VALUE"""),"LinWu_05") -> LinWu_05 | B43: =IFERROR(__xludf.DUMMYFUNCTION("""COMPUTED_VALUE"""),0.002327349537037037) -> 0.0023273495 | C43: =IFERROR(__xludf.DUMMYFUNCTION("""COMPUTED_VALUE"""),"BNR32") -> BNR32 | D43: =IFERROR(__xludf.DUMMYFUNCTION("""COMPUTED_VALUE"""),"PC") -> PC | E43: Irohazaka Downhill伊呂波坂/下行 | I43: =IFERROR(__xludf.DUMMYFUNCTION("LET( 賽道, ""Silverstone"", 路線, """", 系統, ""CVS"", 原始, FILTER('歷史紀錄'!$E$2:$H1168, '歷史紀錄'!$B$2:$B1168=賽道, '歷史紀錄'!$C$2:$C1168=路線, '歷史紀錄'!$I$2:$I1168=系統), 排序後, SORT(原始, 2, TRUE), 玩家, INDEX(排序後,,1), 唯一玩家, UNIQUE(玩家), 結果, MAP(唯一玩家, LAMBDA(p, "&" INDEX(FILTER(排序後, INDEX(排序後,,1)=p),1,0) )), 表頭, {""Player玩家"",""Time時間"",""Car車種"",""Platform平台""}, VSTACK(表頭, 結果) ) "),"Player玩家") -> Player玩家 | J43: =IFERROR(__xludf.DUMMYFUNCTION("""COMPUTED_VALUE"""),"Time時間") -> Time時間 | K43: =IFERROR(__xludf.DUMMYFUNCTION("""COMPUTED_VALUE"""),"Car車種") -> Car車種 | L43: =IFERROR(__xludf.DUMMYFUNCTION("""COMPUTED_VALUE"""),"Platform平台") -> Platform平台 | M43: =IFERROR(__xludf.DUMMYFUNCTION("LET( 賽道, ""LasVegas"", 路線, """", 系統, ""CVS"", 原始, FILTER('歷史紀錄'!$E$2:$H1168, '歷史紀錄'!$B$2:$B1168=賽道, '歷史紀錄'!$C$2:$C1168=路線, '歷史紀錄'!$I$2:$I1168=系統), 排序後, SORT(原始, 2, TRUE), 玩家, INDEX(排序後,,1), 唯一玩家, UNIQUE(玩家), 結果, MAP(唯一玩家, LAMBDA(p, "&" INDEX(FILTER(排序後, INDEX(排序後,,1)=p),1,0) )), 表頭, {""Player玩家"",""Time時間"",""Car車種"",""Platform平台""}, VSTACK(表頭, 結果) ) "),"Player玩家") -> Player玩家 | N43: =IFERROR(__xludf.DUMMYFUNCTION("""COMPUTED_VALUE"""),"Time時間") -> Time時間 | O43: =IFERROR(__xludf.DUMMYFUNCTION("""COMPUTED_VALUE"""),"Car車種") -> Car車種 | P43: =IFERROR(__xludf.DUMMYFUNCTION("""COMPUTED_VALUE"""),"Platform平台") -> Platform平台 | Q43: =IFERROR(__xludf.DUMMYFUNCTION("""COMPUTED_VALUE"""),"unreal") -> unreal | R43: =IFERROR(__xludf.DUMMYFUNCTION("""COMPUTED_VALUE"""),0.0014612962962962963) -> 0.0014612963 | S43: =IFERROR(__xludf.DUMMYFUNCTION("""COMPUTED_VALUE"""),"EVO3") -> EVO3 | T43: =IFERROR(__xludf.DUMMYFUNCTION("""COMPUTED_VALUE"""),"PCVR") -> PCVR
A44: =IFERROR(__xludf.DUMMYFUNCTION("""COMPUTED_VALUE"""),"鬼-瓦輪") -> 鬼-瓦輪 | B44: =IFERROR(__xludf.DUMMYFUNCTION("""COMPUTED_VALUE"""),0.0023474537037037036) -> 0.0023474537 | C44: =IFERROR(__xludf.DUMMYFUNCTION("""COMPUTED_VALUE"""),"EVOVII/CT9A") -> EVOVII/CT9A | D44: =IFERROR(__xludf.DUMMYFUNCTION("""COMPUTED_VALUE"""),"PCVR") -> PCVR | E44: =IFERROR(__xludf.DUMMYFUNCTION("LET( 賽道, ""Irohazaka"", 路線, ""DH"", 系統, ""Sacc"", 原始, FILTER('歷史紀錄'!$E$2:$H1168, '歷史紀錄'!$B$2:$B1168=賽道, '歷史紀錄'!$C$2:$C1168=路線, '歷史紀錄'!$I$2:$I1168=系統), 排序後, SORT(原始, 2, TRUE), 玩家, INDEX(排序後,,1), 唯一玩家, UNIQUE(玩家), 結果, MAP(唯一玩家, LAMBDA(p,"&" INDEX(FILTER(排序後, INDEX(排序後,,1)=p),1,0) )), 表頭, {""Player玩家"",""Time時間"",""Car車種"",""Platform平台""}, VSTACK(表頭, 結果) ) "),"Player玩家") -> Player玩家 | F44: =IFERROR(__xludf.DUMMYFUNCTION("""COMPUTED_VALUE"""),"Time時間") -> Time時間 | G44: =IFERROR(__xludf.DUMMYFUNCTION("""COMPUTED_VALUE"""),"Car車種") -> Car車種 | H44: =IFERROR(__xludf.DUMMYFUNCTION("""COMPUTED_VALUE"""),"Platform平台") -> Platform平台 | I44: =IFERROR(__xludf.DUMMYFUNCTION("""COMPUTED_VALUE"""),"BannRaven") -> BannRaven | J44: =IFERROR(__xludf.DUMMYFUNCTION("""COMPUTED_VALUE"""),8.630787037037036E-4) -> 0.0008630787 | K44: =IFERROR(__xludf.DUMMYFUNCTION("""COMPUTED_VALUE"""),"rb21(RedBull)") -> rb21(RedBull) | L44: =IFERROR(__xludf.DUMMYFUNCTION("""COMPUTED_VALUE"""),"PCVR") -> PCVR | M44: =IFERROR(__xludf.DUMMYFUNCTION("""COMPUTED_VALUE"""),"VRCGPaul") -> VRCGPaul | N44: =IFERROR(__xludf.DUMMYFUNCTION("""COMPUTED_VALUE"""),0.0010448842592592593) -> 0.0010448843 | O44: =IFERROR(__xludf.DUMMYFUNCTION("""COMPUTED_VALUE"""),"mcl39(McLaren)") -> mcl39(McLaren) | P44: =IFERROR(__xludf.DUMMYFUNCTION("""COMPUTED_VALUE"""),"PCVR") -> PCVR | Q44: =IFERROR(__xludf.DUMMYFUNCTION("""COMPUTED_VALUE"""),"Too突突兔To") -> Too突突兔To | R44: =IFERROR(__xludf.DUMMYFUNCTION("""COMPUTED_VALUE"""),0.0017847916666666665) -> 0.0017847917 | S44: =IFERROR(__xludf.DUMMYFUNCTION("""COMPUTED_VALUE"""),"LapinTuned") -> LapinTuned | T44: =IFERROR(__xludf.DUMMYFUNCTION("""COMPUTED_VALUE"""),"PCVR") -> PCVR
A45: =IFERROR(__xludf.DUMMYFUNCTION("""COMPUTED_VALUE"""),"アビドサスヒカリ") -> アビドサスヒカリ | B45: =IFERROR(__xludf.DUMMYFUNCTION("""COMPUTED_VALUE"""),0.002366076388888889) -> 0.0023660764 | C45: =IFERROR(__xludf.DUMMYFUNCTION("""COMPUTED_VALUE"""),"FD3S (RX7)") -> FD3S (RX7) | D45: =IFERROR(__xludf.DUMMYFUNCTION("""COMPUTED_VALUE"""),"PC") -> PC | E45: =IFERROR(__xludf.DUMMYFUNCTION("""COMPUTED_VALUE"""),"Lolidia") -> Lolidia | F45: =IFERROR(__xludf.DUMMYFUNCTION("""COMPUTED_VALUE"""),0.002450613425925926) -> 0.0024506134 | G45: =IFERROR(__xludf.DUMMYFUNCTION("""COMPUTED_VALUE"""),"AE86T") -> AE86T | H45: =IFERROR(__xludf.DUMMYFUNCTION("""COMPUTED_VALUE"""),"PCVR") -> PCVR | I45: =IFERROR(__xludf.DUMMYFUNCTION("""COMPUTED_VALUE"""),"羽沫嫇夏") -> 羽沫嫇夏 | J45: =IFERROR(__xludf.DUMMYFUNCTION("""COMPUTED_VALUE"""),8.64837962962963E-4) -> 0.00086483796 | K45: =IFERROR(__xludf.DUMMYFUNCTION("""COMPUTED_VALUE"""),"c45(KickSauber)") -> c45(KickSauber) | L45: =IFERROR(__xludf.DUMMYFUNCTION("""COMPUTED_VALUE"""),"PCVR") -> PCVR | M45: =IFERROR(__xludf.DUMMYFUNCTION("""COMPUTED_VALUE"""),"StarRiver Arts") -> StarRiver Arts | N45: =IFERROR(__xludf.DUMMYFUNCTION("""COMPUTED_VALUE"""),0.0014874652777777777) -> 0.0014874653 | O45: =IFERROR(__xludf.DUMMYFUNCTION("""COMPUTED_VALUE"""),"mcl39(McLaren)") -> mcl39(McLaren) | P45: =IFERROR(__xludf.DUMMYFUNCTION("""COMPUTED_VALUE"""),"PC") -> PC | Q45: =IFERROR(__xludf.DUMMYFUNCTION("""COMPUTED_VALUE"""),"9ewi") -> 9ewi | R45: =IFERROR(__xludf.DUMMYFUNCTION("""COMPUTED_VALUE"""),0.0018291087962962963) -> 0.0018291088 | S45: =IFERROR(__xludf.DUMMYFUNCTION("""COMPUTED_VALUE"""),"CoachKart") -> CoachKart | T45: =IFERROR(__xludf.DUMMYFUNCTION("""COMPUTED_VALUE"""),"PCVR") -> PCVR
A46: =IFERROR(__xludf.DUMMYFUNCTION("""COMPUTED_VALUE"""),"Yuanji Deca") -> Yuanji Deca | B46: =IFERROR(__xludf.DUMMYFUNCTION("""COMPUTED_VALUE"""),0.0024341782407407407) -> 0.0024341782 | C46: =IFERROR(__xludf.DUMMYFUNCTION("""COMPUTED_VALUE"""),"EVOVII/CT9A") -> EVOVII/CT9A | D46: =IFERROR(__xludf.DUMMYFUNCTION("""COMPUTED_VALUE"""),"PC") -> PC | E46: =IFERROR(__xludf.DUMMYFUNCTION("""COMPUTED_VALUE"""),"Rushia Angel") -> Rushia Angel | F46: =IFERROR(__xludf.DUMMYFUNCTION("""COMPUTED_VALUE"""),0.002475798611111111) -> 0.0024757986 | G46: =IFERROR(__xludf.DUMMYFUNCTION("""COMPUTED_VALUE"""),"AE86T") -> AE86T | H46: =IFERROR(__xludf.DUMMYFUNCTION("""COMPUTED_VALUE"""),"PCVR") -> PCVR | I46: =IFERROR(__xludf.DUMMYFUNCTION("""COMPUTED_VALUE"""),"Hayasaka_Ishimi") -> Hayasaka_Ishimi | J46: =IFERROR(__xludf.DUMMYFUNCTION("""COMPUTED_VALUE"""),8.842592592592592E-4) -> 0.00088425926 | K46: =IFERROR(__xludf.DUMMYFUNCTION("""COMPUTED_VALUE"""),"sf25(Ferrari)") -> sf25(Ferrari) | L46: =IFERROR(__xludf.DUMMYFUNCTION("""COMPUTED_VALUE"""),"PCVR") -> PCVR | M46: =IFERROR(__xludf.DUMMYFUNCTION("""COMPUTED_VALUE"""),"Azucia") -> Azucia | N46: =IFERROR(__xludf.DUMMYFUNCTION("""COMPUTED_VALUE"""),0.0016032754629629628) -> 0.0016032755 | O46: =IFERROR(__xludf.DUMMYFUNCTION("""COMPUTED_VALUE"""),"w16(Mercedes)") -> w16(Mercedes) | P46: =IFERROR(__xludf.DUMMYFUNCTION("""COMPUTED_VALUE"""),"PCVR") -> PCVR | Q46: =IFERROR(__xludf.DUMMYFUNCTION("""COMPUTED_VALUE"""),"mita") -> mita | R46: =IFERROR(__xludf.DUMMYFUNCTION("""COMPUTED_VALUE"""),0.0018475115740740741) -> 0.0018475116 | S46: =IFERROR(__xludf.DUMMYFUNCTION("""COMPUTED_VALUE"""),"LapinTuned") -> LapinTuned | T46: =IFERROR(__xludf.DUMMYFUNCTION("""COMPUTED_VALUE"""),"PCVR") -> PCVR
A47: =IFERROR(__xludf.DUMMYFUNCTION("""COMPUTED_VALUE"""),"千夜火鍋") -> 千夜火鍋 | B47: =IFERROR(__xludf.DUMMYFUNCTION("""COMPUTED_VALUE"""),0.002454375) -> 0.002454375 | C47: =IFERROR(__xludf.DUMMYFUNCTION("""COMPUTED_VALUE"""),"SilEighty") -> SilEighty | E47: =IFERROR(__xludf.DUMMYFUNCTION("""COMPUTED_VALUE"""),"菲娜 希琉絲") -> 菲娜 希琉絲 | F47: =IFERROR(__xludf.DUMMYFUNCTION("""COMPUTED_VALUE"""),0.0024824537037037037) -> 0.0024824537 | G47: =IFERROR(__xludf.DUMMYFUNCTION("""COMPUTED_VALUE"""),"AE86T") -> AE86T | H47: =IFERROR(__xludf.DUMMYFUNCTION("""COMPUTED_VALUE"""),"PCVR") -> PCVR | I47: =IFERROR(__xludf.DUMMYFUNCTION("""COMPUTED_VALUE"""),"windnight5") -> windnight5 | J47: =IFERROR(__xludf.DUMMYFUNCTION("""COMPUTED_VALUE"""),8.854166666666667E-4) -> 0.00088541667 | K47: =IFERROR(__xludf.DUMMYFUNCTION("""COMPUTED_VALUE"""),"sf25(Ferrari)") -> sf25(Ferrari) | L47: =IFERROR(__xludf.DUMMYFUNCTION("""COMPUTED_VALUE"""),"PCVR") -> PCVR | Q47: =IFERROR(__xludf.DUMMYFUNCTION("""COMPUTED_VALUE"""),"x0000x") -> x0000x | R47: =IFERROR(__xludf.DUMMYFUNCTION("""COMPUTED_VALUE"""),0.0018853124999999998) -> 0.0018853125 | S47: =IFERROR(__xludf.DUMMYFUNCTION("""COMPUTED_VALUE"""),"Macchiato") -> Macchiato | T47: =IFERROR(__xludf.DUMMYFUNCTION("""COMPUTED_VALUE"""),"PC") -> PC
A48: =IFERROR(__xludf.DUMMYFUNCTION("""COMPUTED_VALUE"""),"拾貳 c101") -> 拾貳 c101 | B48: =IFERROR(__xludf.DUMMYFUNCTION("""COMPUTED_VALUE"""),0.0024749189814814816) -> 0.002474919 | C48: =IFERROR(__xludf.DUMMYFUNCTION("""COMPUTED_VALUE"""),"BNR32") -> BNR32 | E48: =IFERROR(__xludf.DUMMYFUNCTION("""COMPUTED_VALUE"""),"Yune") -> Yune | F48: =IFERROR(__xludf.DUMMYFUNCTION("""COMPUTED_VALUE"""),0.0024894675925925926) -> 0.0024894676 | G48: =IFERROR(__xludf.DUMMYFUNCTION("""COMPUTED_VALUE"""),"AE86T") -> AE86T | H48: =IFERROR(__xludf.DUMMYFUNCTION("""COMPUTED_VALUE"""),"PC") -> PC | I48: =IFERROR(__xludf.DUMMYFUNCTION("""COMPUTED_VALUE"""),"redfrogss") -> redfrogss | J48: =IFERROR(__xludf.DUMMYFUNCTION("""COMPUTED_VALUE"""),9.031597222222223E-4) -> 0.00090315972 | K48: =IFERROR(__xludf.DUMMYFUNCTION("""COMPUTED_VALUE"""),"sf25(Ferrari)") -> sf25(Ferrari) | L48: =IFERROR(__xludf.DUMMYFUNCTION("""COMPUTED_VALUE"""),"PCVR") -> PCVR | Q48: =IFERROR(__xludf.DUMMYFUNCTION("""COMPUTED_VALUE"""),"Bu1227") -> Bu1227 | R48: =IFERROR(__xludf.DUMMYFUNCTION("""COMPUTED_VALUE"""),0.0025177430555555556) -> 0.0025177431 | S48: =IFERROR(__xludf.DUMMYFUNCTION("""COMPUTED_VALUE"""),"PinoBus") -> PinoBus | T48: =IFERROR(__xludf.DUMMYFUNCTION("""COMPUTED_VALUE"""),"PCVR") -> PCVR
A49: =IFERROR(__xludf.DUMMYFUNCTION("""COMPUTED_VALUE"""),"咪咪處刑人大木") -> 咪咪處刑人大木 | B49: =IFERROR(__xludf.DUMMYFUNCTION("""COMPUTED_VALUE"""),0.002539247685185185) -> 0.0025392477 | C49: =IFERROR(__xludf.DUMMYFUNCTION("""COMPUTED_VALUE"""),"EVOVII/CT9A") -> EVOVII/CT9A | E49: =IFERROR(__xludf.DUMMYFUNCTION("""COMPUTED_VALUE"""),"StarRiver Arts") -> StarRiver Arts | F49: =IFERROR(__xludf.DUMMYFUNCTION("""COMPUTED_VALUE"""),0.0025451273148148147) -> 0.0025451273 | G49: =IFERROR(__xludf.DUMMYFUNCTION("""COMPUTED_VALUE"""),"GC8-F (Impreza)") -> GC8-F (Impreza) | H49: =IFERROR(__xludf.DUMMYFUNCTION("""COMPUTED_VALUE"""),"PC") -> PC | I49: =IFERROR(__xludf.DUMMYFUNCTION("""COMPUTED_VALUE"""),"VRCGPaul") -> VRCGPaul | J49: =IFERROR(__xludf.DUMMYFUNCTION("""COMPUTED_VALUE"""),9.12037037037037E-4) -> 0.00091203704 | K49: =IFERROR(__xludf.DUMMYFUNCTION("""COMPUTED_VALUE"""),"mcl39(McLaren)") -> mcl39(McLaren) | L49: =IFERROR(__xludf.DUMMYFUNCTION("""COMPUTED_VALUE"""),"PCVR") -> PCVR | Q49: =IFERROR(__xludf.DUMMYFUNCTION("""COMPUTED_VALUE"""),"richardyukiko") -> richardyukiko | R49: =IFERROR(__xludf.DUMMYFUNCTION("""COMPUTED_VALUE"""),0.0028493402777777775) -> 0.0028493403 | S49: =IFERROR(__xludf.DUMMYFUNCTION("""COMPUTED_VALUE"""),"Stinger") -> Stinger | T49: =IFERROR(__xludf.DUMMYFUNCTION("""COMPUTED_VALUE"""),"PC") -> PC
A50: =IFERROR(__xludf.DUMMYFUNCTION("""COMPUTED_VALUE"""),"Sakanakokokoko") -> Sakanakokokoko | B50: =IFERROR(__xludf.DUMMYFUNCTION("""COMPUTED_VALUE"""),0.0026707175925925926) -> 0.0026707176 | C50: =IFERROR(__xludf.DUMMYFUNCTION("""COMPUTED_VALUE"""),"380SX") -> 380SX | D50: =IFERROR(__xludf.DUMMYFUNCTION("""COMPUTED_VALUE"""),"PC") -> PC | E50: =IFERROR(__xludf.DUMMYFUNCTION("""COMPUTED_VALUE"""),"ikuhopen") -> ikuhopen | F50: =IFERROR(__xludf.DUMMYFUNCTION("""COMPUTED_VALUE"""),0.0026202199074074075) -> 0.0026202199 | G50: =IFERROR(__xludf.DUMMYFUNCTION("""COMPUTED_VALUE"""),"AE86T") -> AE86T | H50: =IFERROR(__xludf.DUMMYFUNCTION("""COMPUTED_VALUE"""),"PCVR") -> PCVR | I50: =IFERROR(__xludf.DUMMYFUNCTION("""COMPUTED_VALUE"""),"憶雨蕭歌") -> 憶雨蕭歌 | J50: =IFERROR(__xludf.DUMMYFUNCTION("""COMPUTED_VALUE"""),0.0010969328703703703) -> 0.0010969329 | K50: =IFERROR(__xludf.DUMMYFUNCTION("""COMPUTED_VALUE"""),"mcl39(McLaren)") -> mcl39(McLaren) | L50: =IFERROR(__xludf.DUMMYFUNCTION("""COMPUTED_VALUE"""),"PCVR") -> PCVR | Q50: =IFERROR(__xludf.DUMMYFUNCTION("""COMPUTED_VALUE"""),"yuanji deca") -> yuanji deca | R50: =IFERROR(__xludf.DUMMYFUNCTION("""COMPUTED_VALUE"""),0.0031082060185185184) -> 0.003108206 | S50: =IFERROR(__xludf.DUMMYFUNCTION("""COMPUTED_VALUE"""),"PinoBus") -> PinoBus | T50: =IFERROR(__xludf.DUMMYFUNCTION("""COMPUTED_VALUE"""),"PC") -> PC
A51: =IFERROR(__xludf.DUMMYFUNCTION("""COMPUTED_VALUE"""),"NEKO QWQ") -> NEKO QWQ | B51: =IFERROR(__xludf.DUMMYFUNCTION("""COMPUTED_VALUE"""),0.003128854166666667) -> 0.0031288542 | C51: =IFERROR(__xludf.DUMMYFUNCTION("""COMPUTED_VALUE"""),"SilEighty") -> SilEighty | E51: =IFERROR(__xludf.DUMMYFUNCTION("""COMPUTED_VALUE"""),"アビドサスヒカリ") -> アビドサスヒカリ | F51: =IFERROR(__xludf.DUMMYFUNCTION("""COMPUTED_VALUE"""),0.002640046296296296) -> 0.0026400463 | G51: =IFERROR(__xludf.DUMMYFUNCTION("""COMPUTED_VALUE"""),"EVOIII/CE9A") -> EVOIII/CE9A | H51: =IFERROR(__xludf.DUMMYFUNCTION("""COMPUTED_VALUE"""),"PC") -> PC | I51: =IFERROR(__xludf.DUMMYFUNCTION("""COMPUTED_VALUE"""),"不會玩遊戲的屑") -> 不會玩遊戲的屑 | J51: =IFERROR(__xludf.DUMMYFUNCTION("""COMPUTED_VALUE"""),0.0012483101851851852) -> 0.0012483102 | K51: =IFERROR(__xludf.DUMMYFUNCTION("""COMPUTED_VALUE"""),"amr25(AstonMartin)") -> amr25(AstonMartin) | L51: =IFERROR(__xludf.DUMMYFUNCTION("""COMPUTED_VALUE"""),"PCVR") -> PCVR | Q51: =IFERROR(__xludf.DUMMYFUNCTION("""COMPUTED_VALUE"""),"夜者") -> 夜者 | R51: =IFERROR(__xludf.DUMMYFUNCTION("""COMPUTED_VALUE"""),0.003482638888888889) -> 0.0034826389 | S51: =IFERROR(__xludf.DUMMYFUNCTION("""COMPUTED_VALUE"""),"PinoBus") -> PinoBus | T51: =IFERROR(__xludf.DUMMYFUNCTION("""COMPUTED_VALUE"""),"PCVR") -> PCVR
A52: =IFERROR(__xludf.DUMMYFUNCTION("""COMPUTED_VALUE"""),"周-ZHOU") -> 周-ZHOU | B52: =IFERROR(__xludf.DUMMYFUNCTION("""COMPUTED_VALUE"""),0.0033426504629629626) -> 0.0033426505 | C52: =IFERROR(__xludf.DUMMYFUNCTION("""COMPUTED_VALUE"""),"BNR32") -> BNR32 | E52: =IFERROR(__xludf.DUMMYFUNCTION("""COMPUTED_VALUE"""),"Kinokono_Tenka") -> Kinokono_Tenka | F52: =IFERROR(__xludf.DUMMYFUNCTION("""COMPUTED_VALUE"""),0.0027162037037037037) -> 0.0027162037 | G52: =IFERROR(__xludf.DUMMYFUNCTION("""COMPUTED_VALUE"""),"GC8-F (Impreza)") -> GC8-F (Impreza) | H52: =IFERROR(__xludf.DUMMYFUNCTION("""COMPUTED_VALUE"""),"PCVR") -> PCVR | I52: =IFERROR(__xludf.DUMMYFUNCTION("""COMPUTED_VALUE"""),"StarRiver Arts") -> StarRiver Arts | J52: =IFERROR(__xludf.DUMMYFUNCTION("""COMPUTED_VALUE"""),0.0015536226851851854) -> 0.0015536227 | K52: =IFERROR(__xludf.DUMMYFUNCTION("""COMPUTED_VALUE"""),"sf25(Ferrari)") -> sf25(Ferrari) | L52: =IFERROR(__xludf.DUMMYFUNCTION("""COMPUTED_VALUE"""),"PC") -> PC | Q52: =IFERROR(__xludf.DUMMYFUNCTION("""COMPUTED_VALUE"""),"Test Driver") -> Test Driver | R52: =IFERROR(__xludf.DUMMYFUNCTION("""COMPUTED_VALUE"""),0.006944444444444444) -> 0.0069444444 | S52: =IFERROR(__xludf.DUMMYFUNCTION("""COMPUTED_VALUE"""),"Stinger") -> Stinger
E53: =IFERROR(__xludf.DUMMYFUNCTION("""COMPUTED_VALUE"""),"LinWu_05") -> LinWu_05 | F53: =IFERROR(__xludf.DUMMYFUNCTION("""COMPUTED_VALUE"""),0.0027619907407407406) -> 0.0027619907 | G53: =IFERROR(__xludf.DUMMYFUNCTION("""COMPUTED_VALUE"""),"SW20 (MR2)") -> SW20 (MR2) | H53: =IFERROR(__xludf.DUMMYFUNCTION("""COMPUTED_VALUE"""),"PC") -> PC
E54: =IFERROR(__xludf.DUMMYFUNCTION("""COMPUTED_VALUE"""),"Sakanakokokoko") -> Sakanakokokoko | F54: =IFERROR(__xludf.DUMMYFUNCTION("""COMPUTED_VALUE"""),0.003217789351851852) -> 0.0032177894 | G54: =IFERROR(__xludf.DUMMYFUNCTION("""COMPUTED_VALUE"""),"AE86T") -> AE86T | H54: =IFERROR(__xludf.DUMMYFUNCTION("""COMPUTED_VALUE"""),"PC") -> PC
E55: =IFERROR(__xludf.DUMMYFUNCTION("""COMPUTED_VALUE"""),"Yuanji Deca") -> Yuanji Deca | F55: =IFERROR(__xludf.DUMMYFUNCTION("""COMPUTED_VALUE"""),0.003471412037037037) -> 0.003471412 | G55: =IFERROR(__xludf.DUMMYFUNCTION("""COMPUTED_VALUE"""),"SW20 (MR2)") -> SW20 (MR2) | H55: =IFERROR(__xludf.DUMMYFUNCTION("""COMPUTED_VALUE"""),"PC") -> PC
Q60: SunMoonLake CVS ClockWise 日月潭/順向 | U60: SunMoonLake CVS Counter-Clockwise 日月潭/逆向
A61: Myogi Circuit Clockwise 妙義環線/順行 | E61: Myogi Circuit Counter-Clockwise 妙義環線/逆行 | I61: Monaco 摩納哥F1 | M61: 紐柏林(紐北) | Q61: Player玩家 | R61: Time時間 | S61: Car車種 | T61: Platform平台 | U61: Player玩家 | V61: Time時間 | W61: Car車種 | X61: Platform平台
A62: =IFERROR(__xludf.DUMMYFUNCTION("LET( 賽道, ""Myogi(CC)"", 路線, ""CW"", 系統, ""Sacc"", 原始, FILTER('歷史紀錄'!$E$2:$H1168, '歷史紀錄'!$B$2:$B1168=賽道, '歷史紀錄'!$C$2:$C1168=路線, '歷史紀錄'!$I$2:$I1168=系統), 排序後, SORT(原始, 2, TRUE), 玩家, INDEX(排序後,,1), 唯一玩家, UNIQUE(玩家), 結果, MAP(唯一玩家, LAMBDA(p,"&" INDEX(FILTER(排序後, INDEX(排序後,,1)=p),1,0) )), 表頭, {""Player玩家"",""Time時間"",""Car車種"",""Platform平台""}, VSTACK(表頭, 結果) ) "),"Player玩家") -> Player玩家 | B62: =IFERROR(__xludf.DUMMYFUNCTION("""COMPUTED_VALUE"""),"Time時間") -> Time時間 | C62: =IFERROR(__xludf.DUMMYFUNCTION("""COMPUTED_VALUE"""),"Car車種") -> Car車種 | D62: =IFERROR(__xludf.DUMMYFUNCTION("""COMPUTED_VALUE"""),"Platform平台") -> Platform平台 | E62: =IFERROR(__xludf.DUMMYFUNCTION("LET( 賽道, ""Myogi(CC)"", 路線, ""CC"", 系統, ""Sacc"", 原始, FILTER('歷史紀錄'!$E$2:$H1168, '歷史紀錄'!$B$2:$B1168=賽道, '歷史紀錄'!$C$2:$C1168=路線, '歷史紀錄'!$I$2:$I1168=系統), 排序後, SORT(原始, 2, TRUE), 玩家, INDEX(排序後,,1), 唯一玩家, UNIQUE(玩家), 結果, MAP(唯一玩家, LAMBDA(p,"&" INDEX(FILTER(排序後, INDEX(排序後,,1)=p),1,0) )), 表頭, {""Player玩家"",""Time時間"",""Car車種"",""Platform平台""}, VSTACK(表頭, 結果) ) "),"Player玩家") -> Player玩家 | F62: =IFERROR(__xludf.DUMMYFUNCTION("""COMPUTED_VALUE"""),"Time時間") -> Time時間 | G62: =IFERROR(__xludf.DUMMYFUNCTION("""COMPUTED_VALUE"""),"Car車種") -> Car車種 | H62: =IFERROR(__xludf.DUMMYFUNCTION("""COMPUTED_VALUE"""),"Platform平台") -> Platform平台 | I62: =IFERROR(__xludf.DUMMYFUNCTION("LET( 賽道, ""Monaco"", 路線, """", 系統, ""CVS"", 原始, FILTER('歷史紀錄'!$E$2:$H1168, '歷史紀錄'!$B$2:$B1168=賽道, '歷史紀錄'!$C$2:$C1168=路線, '歷史紀錄'!$I$2:$I1168=系統), 排序後, SORT(原始, 2, TRUE), 玩家, INDEX(排序後,,1), 唯一玩家, UNIQUE(玩家), 結果, MAP(唯一玩家, LAMBDA(p, "&" INDEX(FILTER(排序後, INDEX(排序後,,1)=p),1,0) )), 表頭, {""Player玩家"",""Time時間"",""Car車種"",""Platform平台""}, VSTACK(表頭, 結果) ) "),"Player玩家") -> Player玩家 | J62: =IFERROR(__xludf.DUMMYFUNCTION("""COMPUTED_VALUE"""),"Time時間") -> Time時間 | K62: =IFERROR(__xludf.DUMMYFUNCTION("""COMPUTED_VALUE"""),"Car車種") -> Car車種 | L62: =IFERROR(__xludf.DUMMYFUNCTION("""COMPUTED_VALUE"""),"Platform平台") -> Platform平台 | M62: =IFERROR(__xludf.DUMMYFUNCTION("LET( 賽道, ""Nurburgring"", 路線, ""Nord"", 系統, ""CVS"", 原始, FILTER('歷史紀錄'!$E$2:$H1168, '歷史紀錄'!$B$2:$B1168=賽道, '歷史紀錄'!$C$2:$C1168=路線, '歷史紀錄'!$I$2:$I1168=系統), 排序後, SORT(原始, 2, TRUE), 玩家, INDEX(排序後,,1), 唯一玩家, UNIQUE(玩家), 結果, MAP(唯一玩家, LAMBDA"&"(p, INDEX(FILTER(排序後, INDEX(排序後,,1)=p),1,0) )), 表頭, {""Player玩家"",""Time時間"",""Car車種"",""Platform平台""}, VSTACK(表頭, 結果) ) "),"Player玩家") -> Player玩家 | N62: =IFERROR(__xludf.DUMMYFUNCTION("""COMPUTED_VALUE"""),"Time時間") -> Time時間 | O62: =IFERROR(__xludf.DUMMYFUNCTION("""COMPUTED_VALUE"""),"Car車種") -> Car車種 | P62: =IFERROR(__xludf.DUMMYFUNCTION("""COMPUTED_VALUE"""),"Platform平台") -> Platform平台
A63: =IFERROR(__xludf.DUMMYFUNCTION("""COMPUTED_VALUE"""),"Kinokono_Tenka") -> Kinokono_Tenka | B63: =IFERROR(__xludf.DUMMYFUNCTION("""COMPUTED_VALUE"""),0.002265289351851852) -> 0.0022652894 | C63: =IFERROR(__xludf.DUMMYFUNCTION("""COMPUTED_VALUE"""),"EG6 (civic)") -> EG6 (civic) | D63: =IFERROR(__xludf.DUMMYFUNCTION("""COMPUTED_VALUE"""),"PCVR") -> PCVR | E63: =IFERROR(__xludf.DUMMYFUNCTION("""COMPUTED_VALUE"""),"Redfrogss") -> Redfrogss | F63: =IFERROR(__xludf.DUMMYFUNCTION("""COMPUTED_VALUE"""),0.0022780555555555557) -> 0.0022780556 | G63: =IFERROR(__xludf.DUMMYFUNCTION("""COMPUTED_VALUE"""),"S13") -> S13 | H63: =IFERROR(__xludf.DUMMYFUNCTION("""COMPUTED_VALUE"""),"PCVR") -> PCVR | I63: =IFERROR(__xludf.DUMMYFUNCTION("""COMPUTED_VALUE"""),"ねぎたま") -> ねぎたま | J63: =IFERROR(__xludf.DUMMYFUNCTION("""COMPUTED_VALUE"""),7.215740740740741E-4) -> 0.00072157407 | K63: =IFERROR(__xludf.DUMMYFUNCTION("""COMPUTED_VALUE"""),"rb21(RedBull)") -> rb21(RedBull) | L63: =IFERROR(__xludf.DUMMYFUNCTION("""COMPUTED_VALUE"""),"PCVR") -> PCVR | M63: =IFERROR(__xludf.DUMMYFUNCTION("""COMPUTED_VALUE"""),"BannRaven") -> BannRaven | N63: =IFERROR(__xludf.DUMMYFUNCTION("""COMPUTED_VALUE"""),0.005019456018518519) -> 0.005019456 | O63: =IFERROR(__xludf.DUMMYFUNCTION("""COMPUTED_VALUE"""),"NA1 (NSX)") -> NA1 (NSX) | P63: =IFERROR(__xludf.DUMMYFUNCTION("""COMPUTED_VALUE"""),"PCVR") -> PCVR
A64: =IFERROR(__xludf.DUMMYFUNCTION("""COMPUTED_VALUE"""),"StarRiver Arts") -> StarRiver Arts | B64: =IFERROR(__xludf.DUMMYFUNCTION("""COMPUTED_VALUE"""),0.0022710300925925927) -> 0.0022710301 | C64: =IFERROR(__xludf.DUMMYFUNCTION("""COMPUTED_VALUE"""),"S13") -> S13 | D64: =IFERROR(__xludf.DUMMYFUNCTION("""COMPUTED_VALUE"""),"PC") -> PC | E64: =IFERROR(__xludf.DUMMYFUNCTION("""COMPUTED_VALUE"""),"Kinokono_Tenka") -> Kinokono_Tenka | F64: =IFERROR(__xludf.DUMMYFUNCTION("""COMPUTED_VALUE"""),0.0023177546296296292) -> 0.0023177546 | G64: =IFERROR(__xludf.DUMMYFUNCTION("""COMPUTED_VALUE"""),"EG6 (civic)") -> EG6 (civic) | H64: =IFERROR(__xludf.DUMMYFUNCTION("""COMPUTED_VALUE"""),"PCVR") -> PCVR | I64: =IFERROR(__xludf.DUMMYFUNCTION("""COMPUTED_VALUE"""),"BannRaven") -> BannRaven | J64: =IFERROR(__xludf.DUMMYFUNCTION("""COMPUTED_VALUE"""),7.785185185185186E-4) -> 0.00077851852 | K64: =IFERROR(__xludf.DUMMYFUNCTION("""COMPUTED_VALUE"""),"rb21(RedBull)") -> rb21(RedBull) | L64: =IFERROR(__xludf.DUMMYFUNCTION("""COMPUTED_VALUE"""),"PCVR") -> PCVR | M64: =IFERROR(__xludf.DUMMYFUNCTION("""COMPUTED_VALUE"""),"StarRiver Arts") -> StarRiver Arts | N64: =IFERROR(__xludf.DUMMYFUNCTION("""COMPUTED_VALUE"""),0.0062355324074074075) -> 0.0062355324 | O64: =IFERROR(__xludf.DUMMYFUNCTION("""COMPUTED_VALUE"""),"R35") -> R35 | P64: =IFERROR(__xludf.DUMMYFUNCTION("""COMPUTED_VALUE"""),"PC") -> PC
A65: =IFERROR(__xludf.DUMMYFUNCTION("""COMPUTED_VALUE"""),"Redfrogss") -> Redfrogss | B65: =IFERROR(__xludf.DUMMYFUNCTION("""COMPUTED_VALUE"""),0.0023255208333333335) -> 0.0023255208 | C65: =IFERROR(__xludf.DUMMYFUNCTION("""COMPUTED_VALUE"""),"S13") -> S13 | D65: =IFERROR(__xludf.DUMMYFUNCTION("""COMPUTED_VALUE"""),"PCVR") -> PCVR | E65: =IFERROR(__xludf.DUMMYFUNCTION("""COMPUTED_VALUE"""),"StarRiver Arts") -> StarRiver Arts | F65: =IFERROR(__xludf.DUMMYFUNCTION("""COMPUTED_VALUE"""),0.0023960300925925924) -> 0.0023960301 | G65: =IFERROR(__xludf.DUMMYFUNCTION("""COMPUTED_VALUE"""),"BNR32") -> BNR32 | H65: =IFERROR(__xludf.DUMMYFUNCTION("""COMPUTED_VALUE"""),"PC") -> PC | I65: =IFERROR(__xludf.DUMMYFUNCTION("""COMPUTED_VALUE"""),"StarRiver Arts") -> StarRiver Arts | J65: =IFERROR(__xludf.DUMMYFUNCTION("""COMPUTED_VALUE"""),0.0016668634259259258) -> 0.0016668634 | K65: =IFERROR(__xludf.DUMMYFUNCTION("""COMPUTED_VALUE"""),"sf25(Ferrari)") -> sf25(Ferrari) | L65: =IFERROR(__xludf.DUMMYFUNCTION("""COMPUTED_VALUE"""),"PC") -> PC | M65: =IFERROR(__xludf.DUMMYFUNCTION("""COMPUTED_VALUE"""),"Test Driver") -> Test Driver | N65: =IFERROR(__xludf.DUMMYFUNCTION("""COMPUTED_VALUE"""),0.006944444444444444) -> 0.0069444444 | O65: =IFERROR(__xludf.DUMMYFUNCTION("""COMPUTED_VALUE"""),"992(911 GT3)") -> 992(911 GT3)
A66: =IFERROR(__xludf.DUMMYFUNCTION("""COMPUTED_VALUE"""),"LinWu_05") -> LinWu_05 | B66: =IFERROR(__xludf.DUMMYFUNCTION("""COMPUTED_VALUE"""),0.002429976851851852) -> 0.0024299769 | C66: =IFERROR(__xludf.DUMMYFUNCTION("""COMPUTED_VALUE"""),"BNR32") -> BNR32 | D66: =IFERROR(__xludf.DUMMYFUNCTION("""COMPUTED_VALUE"""),"PC") -> PC | E66: =IFERROR(__xludf.DUMMYFUNCTION("""COMPUTED_VALUE"""),"LinWu_05") -> LinWu_05 | F66: =IFERROR(__xludf.DUMMYFUNCTION("""COMPUTED_VALUE"""),0.002462384259259259) -> 0.0024623843 | G66: =IFERROR(__xludf.DUMMYFUNCTION("""COMPUTED_VALUE"""),"BNR32") -> BNR32 | H66: =IFERROR(__xludf.DUMMYFUNCTION("""COMPUTED_VALUE"""),"PC") -> PC
A67: =IFERROR(__xludf.DUMMYFUNCTION("""COMPUTED_VALUE"""),"Test Driver") -> Test Driver | B67: =IFERROR(__xludf.DUMMYFUNCTION("""COMPUTED_VALUE"""),0.006944444444444444) -> 0.0069444444 | C67: =IFERROR(__xludf.DUMMYFUNCTION("""COMPUTED_VALUE"""),"180SX") -> 180SX | E67: =IFERROR(__xludf.DUMMYFUNCTION("""COMPUTED_VALUE"""),"Test Driver") -> Test Driver | F67: =IFERROR(__xludf.DUMMYFUNCTION("""COMPUTED_VALUE"""),0.006944444444444444) -> 0.0069444444 | G67: =IFERROR(__xludf.DUMMYFUNCTION("""COMPUTED_VALUE"""),"180SX") -> 180SX
Q69: 作者：K̶a̶u̶b̶e̶r̶u̶ CVS
A70: Akagi Downhill赤城/下行 | E70: Akagi Uphill赤城/上行 | I70: 紐柏林(GP) | Q70: Usui DAA Counter Clockwise 碓冰/逆向
A71: =IFERROR(__xludf.DUMMYFUNCTION("LET( 賽道, ""Akagi"", 路線, ""DH"", 系統, ""Sacc"", 原始, FILTER('歷史紀錄'!$E$2:$H1168, '歷史紀錄'!$B$2:$B1168=賽道, '歷史紀錄'!$C$2:$C1168=路線, '歷史紀錄'!$I$2:$I1168=系統), 排序後, SORT(原始, 2, TRUE), 玩家, INDEX(排序後,,1), 唯一玩家, UNIQUE(玩家), 結果, MAP(唯一玩家, LAMBDA(p, "&" INDEX(FILTER(排序後, INDEX(排序後,,1)=p),1,0) )), 表頭, {""Player玩家"",""Time時間"",""Car車種"",""Platform平台""}, VSTACK(表頭, 結果) ) "),"Player玩家") -> Player玩家 | B71: =IFERROR(__xludf.DUMMYFUNCTION("""COMPUTED_VALUE"""),"Time時間") -> Time時間 | C71: =IFERROR(__xludf.DUMMYFUNCTION("""COMPUTED_VALUE"""),"Car車種") -> Car車種 | D71: =IFERROR(__xludf.DUMMYFUNCTION("""COMPUTED_VALUE"""),"Platform平台") -> Platform平台 | E71: =IFERROR(__xludf.DUMMYFUNCTION("LET( 賽道, ""Akagi"", 路線, ""UH"", 系統, ""Sacc"", 原始, FILTER('歷史紀錄'!$E$2:$H1168, '歷史紀錄'!$B$2:$B1168=賽道, '歷史紀錄'!$C$2:$C1168=路線, '歷史紀錄'!$I$2:$I1168=系統), 排序後, SORT(原始, 2, TRUE), 玩家, INDEX(排序後,,1), 唯一玩家, UNIQUE(玩家), 結果, MAP(唯一玩家, LAMBDA(p, "&" INDEX(FILTER(排序後, INDEX(排序後,,1)=p),1,0) )), 表頭, {""Player玩家"",""Time時間"",""Car車種"",""Platform平台""}, VSTACK(表頭, 結果) ) "),"Player玩家") -> Player玩家 | F71: =IFERROR(__xludf.DUMMYFUNCTION("""COMPUTED_VALUE"""),"Time時間") -> Time時間 | G71: =IFERROR(__xludf.DUMMYFUNCTION("""COMPUTED_VALUE"""),"Car車種") -> Car車種 | H71: =IFERROR(__xludf.DUMMYFUNCTION("""COMPUTED_VALUE"""),"Platform平台") -> Platform平台 | I71: =IFERROR(__xludf.DUMMYFUNCTION("LET( 賽道, ""Nurburgring"", 路線, ""GP"", 系統, ""CVS"", 原始, FILTER('歷史紀錄'!$E$2:$H1168, '歷史紀錄'!$B$2:$B1168=賽道, '歷史紀錄'!$C$2:$C1168=路線, '歷史紀錄'!$I$2:$I1168=系統), 排序後, SORT(原始, 2, TRUE), 玩家, INDEX(排序後,,1), 唯一玩家, UNIQUE(玩家), 結果, MAP(唯一玩家, LAMBDA(p"&", INDEX(FILTER(排序後, INDEX(排序後,,1)=p),1,0) )), 表頭, {""Player玩家"",""Time時間"",""Car車種"",""Platform平台""}, VSTACK(表頭, 結果) ) "),"Player玩家") -> Player玩家 | J71: =IFERROR(__xludf.DUMMYFUNCTION("""COMPUTED_VALUE"""),"Time時間") -> Time時間 | K71: =IFERROR(__xludf.DUMMYFUNCTION("""COMPUTED_VALUE"""),"Car車種") -> Car車種 | L71: =IFERROR(__xludf.DUMMYFUNCTION("""COMPUTED_VALUE"""),"Platform平台") -> Platform平台 | Q71: =IFERROR(__xludf.DUMMYFUNCTION("LET( 賽道, ""UsuiDAA"", 路線, ""CC"", 系統, ""CVS"", 原始, FILTER('歷史紀錄'!E50:H1168, '歷史紀錄'!B50:B1168=賽道, '歷史紀錄'!C50:C1168=路線, '歷史紀錄'!I50:I1168=系統), 排序後, SORT(原始, 2, TRUE), 玩家, INDEX(排序後,,1), 唯一玩家, UNIQUE(玩家), 結果, MAP(唯一玩家, LAMBDA(p, INDE"&"X(FILTER(排序後, INDEX(排序後,,1)=p),1,0) )), 表頭, {""Player玩家"",""Time時間"",""Car車種"",""Platform平台""}, VSTACK(表頭, 結果) ) "),"Player玩家") -> Player玩家 | R71: =IFERROR(__xludf.DUMMYFUNCTION("""COMPUTED_VALUE"""),"Time時間") -> Time時間 | S71: =IFERROR(__xludf.DUMMYFUNCTION("""COMPUTED_VALUE"""),"Car車種") -> Car車種 | T71: =IFERROR(__xludf.DUMMYFUNCTION("""COMPUTED_VALUE"""),"Platform平台") -> Platform平台
A72: =IFERROR(__xludf.DUMMYFUNCTION("""COMPUTED_VALUE"""),"Lolidia") -> Lolidia | B72: =IFERROR(__xludf.DUMMYFUNCTION("""COMPUTED_VALUE"""),0.002051909722222222) -> 0.0020519097 | C72: =IFERROR(__xludf.DUMMYFUNCTION("""COMPUTED_VALUE"""),"FD3S (RX7) V2") -> FD3S (RX7) V2 | D72: =IFERROR(__xludf.DUMMYFUNCTION("""COMPUTED_VALUE"""),"PCVR") -> PCVR | E72: =IFERROR(__xludf.DUMMYFUNCTION("""COMPUTED_VALUE"""),"Redfrogss") -> Redfrogss | F72: =IFERROR(__xludf.DUMMYFUNCTION("""COMPUTED_VALUE"""),0.002389363425925926) -> 0.0023893634 | G72: =IFERROR(__xludf.DUMMYFUNCTION("""COMPUTED_VALUE"""),"FD3S (RX7) V2 ") -> FD3S (RX7) V2 | H72: =IFERROR(__xludf.DUMMYFUNCTION("""COMPUTED_VALUE"""),"PCVR") -> PCVR | I72: =IFERROR(__xludf.DUMMYFUNCTION("""COMPUTED_VALUE"""),"StarRiver Arts") -> StarRiver Arts | J72: =IFERROR(__xludf.DUMMYFUNCTION("""COMPUTED_VALUE"""),0.0016525810185185185) -> 0.001652581 | K72: =IFERROR(__xludf.DUMMYFUNCTION("""COMPUTED_VALUE"""),"R35") -> R35 | L72: =IFERROR(__xludf.DUMMYFUNCTION("""COMPUTED_VALUE"""),"PC") -> PC | Q72: =IFERROR(__xludf.DUMMYFUNCTION("""COMPUTED_VALUE"""),"ねぎたま") -> ねぎたま | R72: =IFERROR(__xludf.DUMMYFUNCTION("""COMPUTED_VALUE"""),0.0012375578703703704) -> 0.0012375579 | S72: =IFERROR(__xludf.DUMMYFUNCTION("""COMPUTED_VALUE"""),"R34") -> R34 | T72: =IFERROR(__xludf.DUMMYFUNCTION("""COMPUTED_VALUE"""),"PCVR") -> PCVR
A73: =IFERROR(__xludf.DUMMYFUNCTION("""COMPUTED_VALUE"""),"Redfrogss") -> Redfrogss | B73: =IFERROR(__xludf.DUMMYFUNCTION("""COMPUTED_VALUE"""),0.002204675925925926) -> 0.0022046759 | C73: =IFERROR(__xludf.DUMMYFUNCTION("""COMPUTED_VALUE"""),"FD3S (RX7) V2 ") -> FD3S (RX7) V2 | D73: =IFERROR(__xludf.DUMMYFUNCTION("""COMPUTED_VALUE"""),"PCVR") -> PCVR | E73: =IFERROR(__xludf.DUMMYFUNCTION("""COMPUTED_VALUE"""),"Test Driver") -> Test Driver | F73: =IFERROR(__xludf.DUMMYFUNCTION("""COMPUTED_VALUE"""),0.006944444444444444) -> 0.0069444444 | G73: =IFERROR(__xludf.DUMMYFUNCTION("""COMPUTED_VALUE"""),"FC3S (RX7)") -> FC3S (RX7) | I73: =IFERROR(__xludf.DUMMYFUNCTION("""COMPUTED_VALUE"""),"Too突突兔To") -> Too突突兔To | J73: =IFERROR(__xludf.DUMMYFUNCTION("""COMPUTED_VALUE"""),0.0018237268518518518) -> 0.0018237269 | K73: =IFERROR(__xludf.DUMMYFUNCTION("""COMPUTED_VALUE"""),"992(911 GT3)") -> 992(911 GT3) | L73: =IFERROR(__xludf.DUMMYFUNCTION("""COMPUTED_VALUE"""),"PCVR") -> PCVR | Q73: =IFERROR(__xludf.DUMMYFUNCTION("""COMPUTED_VALUE"""),"StarRiver Arts") -> StarRiver Arts | R73: =IFERROR(__xludf.DUMMYFUNCTION("""COMPUTED_VALUE"""),0.0012741087962962964) -> 0.0012741088 | S73: =IFERROR(__xludf.DUMMYFUNCTION("""COMPUTED_VALUE"""),"BMW CS") -> BMW CS | T73: =IFERROR(__xludf.DUMMYFUNCTION("""COMPUTED_VALUE"""),"PC") -> PC
A74: =IFERROR(__xludf.DUMMYFUNCTION("""COMPUTED_VALUE"""),"ikuhopen") -> ikuhopen | B74: =IFERROR(__xludf.DUMMYFUNCTION("""COMPUTED_VALUE"""),0.002258483796296296) -> 0.0022584838 | C74: =IFERROR(__xludf.DUMMYFUNCTION("""COMPUTED_VALUE"""),"FD3S (RX7) V2") -> FD3S (RX7) V2 | D74: =IFERROR(__xludf.DUMMYFUNCTION("""COMPUTED_VALUE"""),"PCVR") -> PCVR | I74: =IFERROR(__xludf.DUMMYFUNCTION("""COMPUTED_VALUE"""),"Test Driver") -> Test Driver | J74: =IFERROR(__xludf.DUMMYFUNCTION("""COMPUTED_VALUE"""),0.006944444444444444) -> 0.0069444444 | K74: =IFERROR(__xludf.DUMMYFUNCTION("""COMPUTED_VALUE"""),"NSX ") -> NSX
A75: =IFERROR(__xludf.DUMMYFUNCTION("""COMPUTED_VALUE"""),"StarRiver Arts") -> StarRiver Arts | B75: =IFERROR(__xludf.DUMMYFUNCTION("""COMPUTED_VALUE"""),0.0023354513888888886) -> 0.0023354514 | C75: =IFERROR(__xludf.DUMMYFUNCTION("""COMPUTED_VALUE"""),"AE86T-V2") -> AE86T-V2 | D75: =IFERROR(__xludf.DUMMYFUNCTION("""COMPUTED_VALUE"""),"PC") -> PC
A76: =IFERROR(__xludf.DUMMYFUNCTION("""COMPUTED_VALUE"""),"アビドサスヒカリ") -> アビドサスヒカリ | B76: =IFERROR(__xludf.DUMMYFUNCTION("""COMPUTED_VALUE"""),0.002350821759259259) -> 0.0023508218 | C76: =IFERROR(__xludf.DUMMYFUNCTION("""COMPUTED_VALUE"""),"EVOIII/CE9A") -> EVOIII/CE9A | D76: =IFERROR(__xludf.DUMMYFUNCTION("""COMPUTED_VALUE"""),"PCVR") -> PCVR
A77: =IFERROR(__xludf.DUMMYFUNCTION("""COMPUTED_VALUE"""),"Yuanji Deca") -> Yuanji Deca | B77: =IFERROR(__xludf.DUMMYFUNCTION("""COMPUTED_VALUE"""),0.0026181481481481485) -> 0.0026181481 | C77: =IFERROR(__xludf.DUMMYFUNCTION("""COMPUTED_VALUE"""),"DB42 (GR Supra)") -> DB42 (GR Supra) | D77: =IFERROR(__xludf.DUMMYFUNCTION("""COMPUTED_VALUE"""),"PC") -> PC
A78: =IFERROR(__xludf.DUMMYFUNCTION("""COMPUTED_VALUE"""),"Sakanakokokoko") -> Sakanakokokoko | B78: =IFERROR(__xludf.DUMMYFUNCTION("""COMPUTED_VALUE"""),0.0028111458333333335) -> 0.0028111458 | C78: =IFERROR(__xludf.DUMMYFUNCTION("""COMPUTED_VALUE"""),"S14Q") -> S14Q | D78: =IFERROR(__xludf.DUMMYFUNCTION("""COMPUTED_VALUE"""),"PC") -> PC
A79: =IFERROR(__xludf.DUMMYFUNCTION("""COMPUTED_VALUE"""),"Test Driver") -> Test Driver | B79: =IFERROR(__xludf.DUMMYFUNCTION("""COMPUTED_VALUE"""),0.006944444444444444) -> 0.0069444444 | C79: =IFERROR(__xludf.DUMMYFUNCTION("""COMPUTED_VALUE"""),"AE86L-V2") -> AE86L-V2
A82: Lake Akina ClockWise秋名湖/順向 | E82: Lake Akina Counter-Clockwise秋名湖/順向
A83: =IFERROR(__xludf.DUMMYFUNCTION("LET( 賽道, ""Lake Akina"", 路線, ""CW"", 系統, ""Sacc"", 原始, FILTER('歷史紀錄'!E25:H1168, '歷史紀錄'!B25:B1168=賽道, '歷史紀錄'!C25:C1168=路線, '歷史紀錄'!I25:I1168=系統), 排序後, SORT(原始, 2, TRUE), 玩家, INDEX(排序後,,1), 唯一玩家, UNIQUE(玩家), 結果, MAP(唯一玩家, LAMBDA(p, "&"INDEX(FILTER(排序後, INDEX(排序後,,1)=p),1,0) )), 表頭, {""Player玩家"",""Time時間"",""Car車種"",""Platform平台""}, VSTACK(表頭, 結果) ) "),"Player玩家") -> Player玩家 | B83: =IFERROR(__xludf.DUMMYFUNCTION("""COMPUTED_VALUE"""),"Time時間") -> Time時間 | C83: =IFERROR(__xludf.DUMMYFUNCTION("""COMPUTED_VALUE"""),"Car車種") -> Car車種 | D83: =IFERROR(__xludf.DUMMYFUNCTION("""COMPUTED_VALUE"""),"Platform平台") -> Platform平台 | E83: =IFERROR(__xludf.DUMMYFUNCTION("LET( 賽道, ""Lake Akina"", 路線, ""CC"", 系統, ""Sacc"", 原始, FILTER('歷史紀錄'!E25:H1168, '歷史紀錄'!B25:B1168=賽道, '歷史紀錄'!C25:C1168=路線, '歷史紀錄'!I25:I1168=系統), 排序後, SORT(原始, 2, TRUE), 玩家, INDEX(排序後,,1), 唯一玩家, UNIQUE(玩家), 結果, MAP(唯一玩家, LAMBDA(p, "&"INDEX(FILTER(排序後, INDEX(排序後,,1)=p),1,0) )), 表頭, {""Player玩家"",""Time時間"",""Car車種"",""Platform平台""}, VSTACK(表頭, 結果) ) "),"Player玩家") -> Player玩家 | F83: =IFERROR(__xludf.DUMMYFUNCTION("""COMPUTED_VALUE"""),"Time時間") -> Time時間 | G83: =IFERROR(__xludf.DUMMYFUNCTION("""COMPUTED_VALUE"""),"Car車種") -> Car車種 | H83: =IFERROR(__xludf.DUMMYFUNCTION("""COMPUTED_VALUE"""),"Platform平台") -> Platform平台
A84: =IFERROR(__xludf.DUMMYFUNCTION("""COMPUTED_VALUE"""),"Kinokono_Tenka") -> Kinokono_Tenka | B84: =IFERROR(__xludf.DUMMYFUNCTION("""COMPUTED_VALUE"""),0.0023247800925925923) -> 0.0023247801 | C84: =IFERROR(__xludf.DUMMYFUNCTION("""COMPUTED_VALUE"""),"GC8-F (Impreza)") -> GC8-F (Impreza) | D84: =IFERROR(__xludf.DUMMYFUNCTION("""COMPUTED_VALUE"""),"PCVR") -> PCVR | E84: =IFERROR(__xludf.DUMMYFUNCTION("""COMPUTED_VALUE"""),"Kinokono_Tenka") -> Kinokono_Tenka | F84: =IFERROR(__xludf.DUMMYFUNCTION("""COMPUTED_VALUE"""),0.0023247800925925923) -> 0.0023247801 | G84: =IFERROR(__xludf.DUMMYFUNCTION("""COMPUTED_VALUE"""),"GC8-F (Impreza)") -> GC8-F (Impreza) | H84: =IFERROR(__xludf.DUMMYFUNCTION("""COMPUTED_VALUE"""),"PCVR") -> PCVR
A85: =IFERROR(__xludf.DUMMYFUNCTION("""COMPUTED_VALUE"""),"RedFrogss") -> RedFrogss | B85: =IFERROR(__xludf.DUMMYFUNCTION("""COMPUTED_VALUE"""),0.002391400462962963) -> 0.0023914005 | C85: =IFERROR(__xludf.DUMMYFUNCTION("""COMPUTED_VALUE"""),"S15") -> S15 | D85: =IFERROR(__xludf.DUMMYFUNCTION("""COMPUTED_VALUE"""),"PCVR") -> PCVR | E85: =IFERROR(__xludf.DUMMYFUNCTION("""COMPUTED_VALUE"""),"RedFrogss") -> RedFrogss | F85: =IFERROR(__xludf.DUMMYFUNCTION("""COMPUTED_VALUE"""),0.002409733796296296) -> 0.0024097338 | G85: =IFERROR(__xludf.DUMMYFUNCTION("""COMPUTED_VALUE"""),"GC8-F (Impreza)") -> GC8-F (Impreza) | H85: =IFERROR(__xludf.DUMMYFUNCTION("""COMPUTED_VALUE"""),"PCVR") -> PCVR
A86: =IFERROR(__xludf.DUMMYFUNCTION("""COMPUTED_VALUE"""),"StarRiver Arts") -> StarRiver Arts | B86: =IFERROR(__xludf.DUMMYFUNCTION("""COMPUTED_VALUE"""),0.0024396180555555556) -> 0.0024396181 | C86: =IFERROR(__xludf.DUMMYFUNCTION("""COMPUTED_VALUE"""),"GC8-F (Impreza)") -> GC8-F (Impreza) | D86: =IFERROR(__xludf.DUMMYFUNCTION("""COMPUTED_VALUE"""),"PC") -> PC | E86: =IFERROR(__xludf.DUMMYFUNCTION("""COMPUTED_VALUE"""),"StarRiver Arts") -> StarRiver Arts | F86: =IFERROR(__xludf.DUMMYFUNCTION("""COMPUTED_VALUE"""),0.0030210300925925925) -> 0.0030210301 | G86: =IFERROR(__xludf.DUMMYFUNCTION("""COMPUTED_VALUE"""),"AE86T-V2") -> AE86T-V2 | H86: =IFERROR(__xludf.DUMMYFUNCTION("""COMPUTED_VALUE"""),"PC") -> PC
A87: =IFERROR(__xludf.DUMMYFUNCTION("""COMPUTED_VALUE"""),"Test Driver") -> Test Driver | B87: =IFERROR(__xludf.DUMMYFUNCTION("""COMPUTED_VALUE"""),0.006944444444444444) -> 0.0069444444 | C87: =IFERROR(__xludf.DUMMYFUNCTION("""COMPUTED_VALUE"""),"AE85") -> AE85 | E87: =IFERROR(__xludf.DUMMYFUNCTION("""COMPUTED_VALUE"""),"Test Driver") -> Test Driver | F87: =IFERROR(__xludf.DUMMYFUNCTION("""COMPUTED_VALUE"""),0.006944444444444444) -> 0.0069444444 | G87: =IFERROR(__xludf.DUMMYFUNCTION("""COMPUTED_VALUE"""),"FD3S (RX7)") -> FD3S (RX7)
I93: Calme CVS系統 | Q93: kkclint CVS系統
I94: Kamidomarizaka神留坂/下行 | M94: Futatsukane Lake Around Pass 雙葉湖外周道 | Q94: Tatehara Touge TimeAttack立原/下行
A95: Usui Clockwise碓冰/順向 (Arcade Stage V1) | E95: Usui Counter-Clockwise碓冰/逆向 (Arcade Stage V1) | I95: =IFERROR(__xludf.DUMMYFUNCTION("LET( 賽道, ""Kamidomarizaka"", 路線, ""DH"", 系統, ""CVS"", 原始, FILTER('歷史紀錄'!$E$2:$H1168, '歷史紀錄'!$B$2:$B1168=賽道, '歷史紀錄'!$C$2:$C1168=路線, '歷史紀錄'!$I$2:$I1168=系統), 排序後, SORT(原始, 2, TRUE), 玩家, INDEX(排序後,,1), 唯一玩家, UNIQUE(玩家), 結果, MAP(唯一玩家, LAMBD"&"A(p, INDEX(FILTER(排序後, INDEX(排序後,,1)=p),1,0) )), 表頭, {""Player玩家"",""Time時間"",""Car車種"",""Platform平台""}, VSTACK(表頭, 結果) ) "),"Player玩家") -> Player玩家 | J95: =IFERROR(__xludf.DUMMYFUNCTION("""COMPUTED_VALUE"""),"Time時間") -> Time時間 | K95: =IFERROR(__xludf.DUMMYFUNCTION("""COMPUTED_VALUE"""),"Car車種") -> Car車種 | L95: =IFERROR(__xludf.DUMMYFUNCTION("""COMPUTED_VALUE"""),"Platform平台") -> Platform平台 | M95: =IFERROR(__xludf.DUMMYFUNCTION("LET( 賽道, ""Futatsukane"", 路線, ""CC"", 系統, ""CVS"", 原始, FILTER('歷史紀錄'!$E$2:$H1168, '歷史紀錄'!$B$2:$B1168=賽道, '歷史紀錄'!$C$2:$C1168=路線, '歷史紀錄'!$I$2:$I1168=系統), 排序後, SORT(原始, 2, TRUE), 玩家, INDEX(排序後,,1), 唯一玩家, UNIQUE(玩家), 結果, MAP(唯一玩家, LAMBDA(p"&", INDEX(FILTER(排序後, INDEX(排序後,,1)=p),1,0) )), 表頭, {""Player玩家"",""Time時間"",""Car車種"",""Platform平台""}, VSTACK(表頭, 結果) ) "),"Player玩家") -> Player玩家 | N95: =IFERROR(__xludf.DUMMYFUNCTION("""COMPUTED_VALUE"""),"Time時間") -> Time時間 | O95: =IFERROR(__xludf.DUMMYFUNCTION("""COMPUTED_VALUE"""),"Car車種") -> Car車種 | P95: =IFERROR(__xludf.DUMMYFUNCTION("""COMPUTED_VALUE"""),"Platform平台") -> Platform平台
A96: =IFERROR(__xludf.DUMMYFUNCTION("LET( 賽道, ""Usui V1"", 路線, ""CW"", 系統, ""Sacc"", 原始, FILTER('歷史紀錄'!E21:H1168, '歷史紀錄'!B21:B1168=賽道, '歷史紀錄'!C21:C1168=路線, '歷史紀錄'!I21:I1168=系統), 排序後, SORT(原始, 2, TRUE), 玩家, INDEX(排序後,,1), 唯一玩家, UNIQUE(玩家), 結果, MAP(唯一玩家, LAMBDA(p, IND"&"EX(FILTER(排序後, INDEX(排序後,,1)=p),1,0) )), 表頭, {""Player玩家"",""Time時間"",""Car車種"",""Platform平台""}, VSTACK(表頭, 結果) ) "),"Player玩家") -> Player玩家 | B96: =IFERROR(__xludf.DUMMYFUNCTION("""COMPUTED_VALUE"""),"Time時間") -> Time時間 | C96: =IFERROR(__xludf.DUMMYFUNCTION("""COMPUTED_VALUE"""),"Car車種") -> Car車種 | D96: =IFERROR(__xludf.DUMMYFUNCTION("""COMPUTED_VALUE"""),"Platform平台") -> Platform平台 | E96: =IFERROR(__xludf.DUMMYFUNCTION("LET( 賽道, ""Usui V1"", 路線, ""CC"", 系統, ""Sacc"", 原始, FILTER('歷史紀錄'!E21:H1168, '歷史紀錄'!B21:B1168=賽道, '歷史紀錄'!C21:C1168=路線, '歷史紀錄'!I21:I1168=系統), 排序後, SORT(原始, 2, TRUE), 玩家, INDEX(排序後,,1), 唯一玩家, UNIQUE(玩家), 結果, MAP(唯一玩家, LAMBDA(p, IND"&"EX(FILTER(排序後, INDEX(排序後,,1)=p),1,0) )), 表頭, {""Player玩家"",""Time時間"",""Car車種"",""Platform平台""}, VSTACK(表頭, 結果) ) "),"Player玩家") -> Player玩家 | F96: =IFERROR(__xludf.DUMMYFUNCTION("""COMPUTED_VALUE"""),"Time時間") -> Time時間 | G96: =IFERROR(__xludf.DUMMYFUNCTION("""COMPUTED_VALUE"""),"Car車種") -> Car車種 | H96: =IFERROR(__xludf.DUMMYFUNCTION("""COMPUTED_VALUE"""),"Platform平台") -> Platform平台 | I96: =IFERROR(__xludf.DUMMYFUNCTION("""COMPUTED_VALUE"""),"BannRaven") -> BannRaven | J96: =IFERROR(__xludf.DUMMYFUNCTION("""COMPUTED_VALUE"""),0.0015639004629629631) -> 0.0015639005 | K96: =IFERROR(__xludf.DUMMYFUNCTION("""COMPUTED_VALUE"""),"NSX") -> NSX | L96: =IFERROR(__xludf.DUMMYFUNCTION("""COMPUTED_VALUE"""),"PCVR") -> PCVR | M96: =IFERROR(__xludf.DUMMYFUNCTION("""COMPUTED_VALUE"""),"redfrogss") -> redfrogss | N96: =IFERROR(__xludf.DUMMYFUNCTION("""COMPUTED_VALUE"""),0.0032091087962962963) -> 0.0032091088 | O96: =IFERROR(__xludf.DUMMYFUNCTION("""COMPUTED_VALUE"""),"Wonder-ATTACK-1") -> Wonder-ATTACK-1 | P96: =IFERROR(__xludf.DUMMYFUNCTION("""COMPUTED_VALUE"""),"PCVR") -> PCVR
A97: =IFERROR(__xludf.DUMMYFUNCTION("""COMPUTED_VALUE"""),"Lolidia") -> Lolidia | B97: =IFERROR(__xludf.DUMMYFUNCTION("""COMPUTED_VALUE"""),0.002216678240740741) -> 0.0022166782 | C97: =IFERROR(__xludf.DUMMYFUNCTION("""COMPUTED_VALUE"""),"ER34") -> ER34 | D97: =IFERROR(__xludf.DUMMYFUNCTION("""COMPUTED_VALUE"""),"PCVR") -> PCVR | E97: =IFERROR(__xludf.DUMMYFUNCTION("""COMPUTED_VALUE"""),"Test Driver") -> Test Driver | F97: =IFERROR(__xludf.DUMMYFUNCTION("""COMPUTED_VALUE"""),0.006944444444444444) -> 0.0069444444 | G97: =IFERROR(__xludf.DUMMYFUNCTION("""COMPUTED_VALUE"""),"EA11R (Cappuccino)") -> EA11R (Cappuccino) | M97: =IFERROR(__xludf.DUMMYFUNCTION("""COMPUTED_VALUE"""),"BannRaven") -> BannRaven | N97: =IFERROR(__xludf.DUMMYFUNCTION("""COMPUTED_VALUE"""),0.003347800925925926) -> 0.0033478009 | O97: =IFERROR(__xludf.DUMMYFUNCTION("""COMPUTED_VALUE"""),"NSX") -> NSX | P97: =IFERROR(__xludf.DUMMYFUNCTION("""COMPUTED_VALUE"""),"PCVR") -> PCVR
A98: =IFERROR(__xludf.DUMMYFUNCTION("""COMPUTED_VALUE"""),"ikuhopen") -> ikuhopen | B98: =IFERROR(__xludf.DUMMYFUNCTION("""COMPUTED_VALUE"""),0.0024279282407407405) -> 0.0024279282 | C98: =IFERROR(__xludf.DUMMYFUNCTION("""COMPUTED_VALUE"""),"SilEighty") -> SilEighty | D98: =IFERROR(__xludf.DUMMYFUNCTION("""COMPUTED_VALUE"""),"PCVR") -> PCVR
A99: =IFERROR(__xludf.DUMMYFUNCTION("""COMPUTED_VALUE"""),"アビドサスヒカリ") -> アビドサスヒカリ | B99: =IFERROR(__xludf.DUMMYFUNCTION("""COMPUTED_VALUE"""),0.0025139467592592596) -> 0.0025139468 | C99: =IFERROR(__xludf.DUMMYFUNCTION("""COMPUTED_VALUE"""),"FD3S (RX7)") -> FD3S (RX7) | D99: =IFERROR(__xludf.DUMMYFUNCTION("""COMPUTED_VALUE"""),"PC") -> PC
A100: =IFERROR(__xludf.DUMMYFUNCTION("""COMPUTED_VALUE"""),"StarRiver Arts") -> StarRiver Arts | B100: =IFERROR(__xludf.DUMMYFUNCTION("""COMPUTED_VALUE"""),0.0026026273148148146) -> 0.0026026273 | C100: =IFERROR(__xludf.DUMMYFUNCTION("""COMPUTED_VALUE"""),"ER34 (R34 23GT Turbo)") -> ER34 (R34 23GT Turbo) | D100: =IFERROR(__xludf.DUMMYFUNCTION("""COMPUTED_VALUE"""),"PC") -> PC
A101: =IFERROR(__xludf.DUMMYFUNCTION("""COMPUTED_VALUE"""),"Yuanji Deca") -> Yuanji Deca | B101: =IFERROR(__xludf.DUMMYFUNCTION("""COMPUTED_VALUE"""),0.0026473263888888887) -> 0.0026473264 | C101: =IFERROR(__xludf.DUMMYFUNCTION("""COMPUTED_VALUE"""),"SilEighty") -> SilEighty | D101: =IFERROR(__xludf.DUMMYFUNCTION("""COMPUTED_VALUE"""),"PC") -> PC
A102: =IFERROR(__xludf.DUMMYFUNCTION("""COMPUTED_VALUE"""),"Sakanakokokoko") -> Sakanakokokoko | B102: =IFERROR(__xludf.DUMMYFUNCTION("""COMPUTED_VALUE"""),0.002955243055555555) -> 0.0029552431 | C102: =IFERROR(__xludf.DUMMYFUNCTION("""COMPUTED_VALUE"""),"NA6CE (Mx5 Roadster)") -> NA6CE (Mx5 Roadster) | D102: =IFERROR(__xludf.DUMMYFUNCTION("""COMPUTED_VALUE"""),"PC") -> PC
A103: =IFERROR(__xludf.DUMMYFUNCTION("""COMPUTED_VALUE"""),"Test Driver") -> Test Driver | B103: =IFERROR(__xludf.DUMMYFUNCTION("""COMPUTED_VALUE"""),0.006944444444444444) -> 0.0069444444 | C103: =IFERROR(__xludf.DUMMYFUNCTION("""COMPUTED_VALUE"""),"AE86L") -> AE86L
A104: Usui Clockwise碓冰/順向 (Arcade Stage V2) | E104: Usui Counter-Clockwise碓冰/逆向 (Arcade Stage V2) | I104: Ryuoukouzan龍鉤山/下行
A105: =IFERROR(__xludf.DUMMYFUNCTION("LET( 賽道, ""Usui V2"", 路線, ""CW"", 系統, ""Sacc"", 原始, FILTER('歷史紀錄'!E21:H1168, '歷史紀錄'!B21:B1168=賽道, '歷史紀錄'!C21:C1168=路線, '歷史紀錄'!I21:I1168=系統), 排序後, SORT(原始, 2, TRUE), 玩家, INDEX(排序後,,1), 唯一玩家, UNIQUE(玩家), 結果, MAP(唯一玩家, LAMBDA(p, IND"&"EX(FILTER(排序後, INDEX(排序後,,1)=p),1,0) )), 表頭, {""Player玩家"",""Time時間"",""Car車種"",""Platform平台""}, VSTACK(表頭, 結果) ) "),"Player玩家") -> Player玩家 | B105: =IFERROR(__xludf.DUMMYFUNCTION("""COMPUTED_VALUE"""),"Time時間") -> Time時間 | C105: =IFERROR(__xludf.DUMMYFUNCTION("""COMPUTED_VALUE"""),"Car車種") -> Car車種 | D105: =IFERROR(__xludf.DUMMYFUNCTION("""COMPUTED_VALUE"""),"Platform平台") -> Platform平台 | E105: =IFERROR(__xludf.DUMMYFUNCTION("LET( 賽道, ""Usui V2"", 路線, ""CC"", 系統, ""Sacc"", 原始, FILTER('歷史紀錄'!E21:H1168, '歷史紀錄'!B21:B1168=賽道, '歷史紀錄'!C21:C1168=路線, '歷史紀錄'!I21:I1168=系統), 排序後, SORT(原始, 2, TRUE), 玩家, INDEX(排序後,,1), 唯一玩家, UNIQUE(玩家), 結果, MAP(唯一玩家, LAMBDA(p, IND"&"EX(FILTER(排序後, INDEX(排序後,,1)=p),1,0) )), 表頭, {""Player玩家"",""Time時間"",""Car車種"",""Platform平台""}, VSTACK(表頭, 結果) ) "),"Player玩家") -> Player玩家 | F105: =IFERROR(__xludf.DUMMYFUNCTION("""COMPUTED_VALUE"""),"Time時間") -> Time時間 | G105: =IFERROR(__xludf.DUMMYFUNCTION("""COMPUTED_VALUE"""),"Car車種") -> Car車種 | H105: =IFERROR(__xludf.DUMMYFUNCTION("""COMPUTED_VALUE"""),"Platform平台") -> Platform平台 | I105: =IFERROR(__xludf.DUMMYFUNCTION("LET( 賽道, ""Ryuoukouzan"", 路線, ""DH"", 系統, ""CVS"", 原始, FILTER('歷史紀錄'!$E$2:$H1168, '歷史紀錄'!$B$2:$B1168=賽道, '歷史紀錄'!$C$2:$C1168=路線, '歷史紀錄'!$I$2:$I1168=系統), 排序後, SORT(原始, 2, TRUE), 玩家, INDEX(排序後,,1), 唯一玩家, UNIQUE(玩家), 結果, MAP(唯一玩家, LAMBDA(p"&", INDEX(FILTER(排序後, INDEX(排序後,,1)=p),1,0) )), 表頭, {""Player玩家"",""Time時間"",""Car車種"",""Platform平台""}, VSTACK(表頭, 結果) ) "),"Player玩家") -> Player玩家 | J105: =IFERROR(__xludf.DUMMYFUNCTION("""COMPUTED_VALUE"""),"Time時間") -> Time時間 | K105: =IFERROR(__xludf.DUMMYFUNCTION("""COMPUTED_VALUE"""),"Car車種") -> Car車種 | L105: =IFERROR(__xludf.DUMMYFUNCTION("""COMPUTED_VALUE"""),"Platform平台") -> Platform平台
A106: =IFERROR(__xludf.DUMMYFUNCTION("""COMPUTED_VALUE"""),"StarRiver Arts") -> StarRiver Arts | B106: =IFERROR(__xludf.DUMMYFUNCTION("""COMPUTED_VALUE"""),0.002518703703703704) -> 0.0025187037 | C106: =IFERROR(__xludf.DUMMYFUNCTION("""COMPUTED_VALUE"""),"SilEighty") -> SilEighty | D106: =IFERROR(__xludf.DUMMYFUNCTION("""COMPUTED_VALUE"""),"PC") -> PC | E106: =IFERROR(__xludf.DUMMYFUNCTION("""COMPUTED_VALUE"""),"StarRiver Arts") -> StarRiver Arts | F106: =IFERROR(__xludf.DUMMYFUNCTION("""COMPUTED_VALUE"""),0.0025381944444444445) -> 0.0025381944 | G106: =IFERROR(__xludf.DUMMYFUNCTION("""COMPUTED_VALUE"""),"EVOX/CZ4A") -> EVOX/CZ4A | H106: =IFERROR(__xludf.DUMMYFUNCTION("""COMPUTED_VALUE"""),"PC") -> PC | I106: =IFERROR(__xludf.DUMMYFUNCTION("""COMPUTED_VALUE"""),"Lolidia") -> Lolidia | J106: =IFERROR(__xludf.DUMMYFUNCTION("""COMPUTED_VALUE"""),0.0012001041666666666) -> 0.0012001042 | K106: =IFERROR(__xludf.DUMMYFUNCTION("""COMPUTED_VALUE"""),"GC8-Attack") -> GC8-Attack | L106: =IFERROR(__xludf.DUMMYFUNCTION("""COMPUTED_VALUE"""),"PCVR") -> PCVR
A107: =IFERROR(__xludf.DUMMYFUNCTION("""COMPUTED_VALUE"""),"LinWu_05") -> LinWu_05 | B107: =IFERROR(__xludf.DUMMYFUNCTION("""COMPUTED_VALUE"""),0.0026306018518518514) -> 0.0026306019 | C107: =IFERROR(__xludf.DUMMYFUNCTION("""COMPUTED_VALUE"""),"380SX") -> 380SX | D107: =IFERROR(__xludf.DUMMYFUNCTION("""COMPUTED_VALUE"""),"PC") -> PC | E107: =IFERROR(__xludf.DUMMYFUNCTION("""COMPUTED_VALUE"""),"LinWu_05") -> LinWu_05 | F107: =IFERROR(__xludf.DUMMYFUNCTION("""COMPUTED_VALUE"""),0.0026084143518518518) -> 0.0026084144 | G107: =IFERROR(__xludf.DUMMYFUNCTION("""COMPUTED_VALUE"""),"380SX") -> 380SX | H107: =IFERROR(__xludf.DUMMYFUNCTION("""COMPUTED_VALUE"""),"PC") -> PC | I107: =IFERROR(__xludf.DUMMYFUNCTION("""COMPUTED_VALUE"""),"菲娜 希琉絲") -> 菲娜 希琉絲 | J107: =IFERROR(__xludf.DUMMYFUNCTION("""COMPUTED_VALUE"""),0.0012993865740740741) -> 0.0012993866 | K107: =IFERROR(__xludf.DUMMYFUNCTION("""COMPUTED_VALUE"""),"SuptokaV80B-Attack") -> SuptokaV80B-Attack | L107: =IFERROR(__xludf.DUMMYFUNCTION("""COMPUTED_VALUE"""),"PCVR") -> PCVR
A108: =IFERROR(__xludf.DUMMYFUNCTION("""COMPUTED_VALUE"""),"アビドサスヒカリ") -> アビドサスヒカリ | B108: =IFERROR(__xludf.DUMMYFUNCTION("""COMPUTED_VALUE"""),0.0026407291666666667) -> 0.0026407292 | C108: =IFERROR(__xludf.DUMMYFUNCTION("""COMPUTED_VALUE"""),"GR86/ZN8") -> GR86/ZN8 | D108: =IFERROR(__xludf.DUMMYFUNCTION("""COMPUTED_VALUE"""),"PC") -> PC | E108: =IFERROR(__xludf.DUMMYFUNCTION("""COMPUTED_VALUE"""),"Test Driver") -> Test Driver | F108: =IFERROR(__xludf.DUMMYFUNCTION("""COMPUTED_VALUE"""),0.006944444444444444) -> 0.0069444444 | G108: =IFERROR(__xludf.DUMMYFUNCTION("""COMPUTED_VALUE"""),"GR86/ZN8") -> GR86/ZN8 | I108: =IFERROR(__xludf.DUMMYFUNCTION("""COMPUTED_VALUE"""),"Yukira雪夜") -> Yukira雪夜 | J108: =IFERROR(__xludf.DUMMYFUNCTION("""COMPUTED_VALUE"""),0.0013045949074074073) -> 0.0013045949 | K108: =IFERROR(__xludf.DUMMYFUNCTION("""COMPUTED_VALUE"""),"LE8-Attack") -> LE8-Attack | L108: =IFERROR(__xludf.DUMMYFUNCTION("""COMPUTED_VALUE"""),"PCVR") -> PCVR
A109: =IFERROR(__xludf.DUMMYFUNCTION("""COMPUTED_VALUE"""),"Test Driver") -> Test Driver | B109: =IFERROR(__xludf.DUMMYFUNCTION("""COMPUTED_VALUE"""),0.006944444444444444) -> 0.0069444444 | C109: =IFERROR(__xludf.DUMMYFUNCTION("""COMPUTED_VALUE"""),"EVOX/CZ4A") -> EVOX/CZ4A | I109: =IFERROR(__xludf.DUMMYFUNCTION("""COMPUTED_VALUE"""),"夜者") -> 夜者 | J109: =IFERROR(__xludf.DUMMYFUNCTION("""COMPUTED_VALUE"""),0.0013298611111111113) -> 0.0013298611 | K109: =IFERROR(__xludf.DUMMYFUNCTION("""COMPUTED_VALUE"""),"GtR34-Attack") -> GtR34-Attack | L109: =IFERROR(__xludf.DUMMYFUNCTION("""COMPUTED_VALUE"""),"PCVR") -> PCVR | Q109: ひそう_hi50u CVS系統
I110: =IFERROR(__xludf.DUMMYFUNCTION("""COMPUTED_VALUE"""),"Yang路人") -> Yang路人 | J110: =IFERROR(__xludf.DUMMYFUNCTION("""COMPUTED_VALUE"""),0.0013755092592592593) -> 0.0013755093 | K110: =IFERROR(__xludf.DUMMYFUNCTION("""COMPUTED_VALUE"""),"FD3S-Aspec") -> FD3S-Aspec | L110: =IFERROR(__xludf.DUMMYFUNCTION("""COMPUTED_VALUE"""),"PCVR") -> PCVR | Q110: 筑和山 CVS2
I111: =IFERROR(__xludf.DUMMYFUNCTION("""COMPUTED_VALUE"""),"熾花") -> 熾花 | J111: =IFERROR(__xludf.DUMMYFUNCTION("""COMPUTED_VALUE"""),0.001391585648148148) -> 0.0013915856 | K111: =IFERROR(__xludf.DUMMYFUNCTION("""COMPUTED_VALUE"""),"LE8-Attack") -> LE8-Attack | L111: =IFERROR(__xludf.DUMMYFUNCTION("""COMPUTED_VALUE"""),"PCVR") -> PCVR | Q111: =IFERROR(__xludf.DUMMYFUNCTION("LET( 賽道, ""Chikuyasan"", 路線, """", 系統, ""CVS"", 原始, FILTER('歷史紀錄'!$E$2:$H1168, '歷史紀錄'!$B$2:$B1168=賽道, '歷史紀錄'!$C$2:$C1168=路線, '歷史紀錄'!$I$2:$I1168=系統), 排序後, SORT(原始, 2, TRUE), 玩家, INDEX(排序後,,1), 唯一玩家, UNIQUE(玩家), 結果, MAP(唯一玩家, LAMBDA(p, "&" INDEX(FILTER(排序後, INDEX(排序後,,1)=p),1,0) )), 表頭, {""Player玩家"",""Time時間"",""Car車種"",""Platform平台""}, VSTACK(表頭, 結果) ) "),"Player玩家") -> Player玩家 | R111: =IFERROR(__xludf.DUMMYFUNCTION("""COMPUTED_VALUE"""),"Time時間") -> Time時間 | S111: =IFERROR(__xludf.DUMMYFUNCTION("""COMPUTED_VALUE"""),"Car車種") -> Car車種 | T111: =IFERROR(__xludf.DUMMYFUNCTION("""COMPUTED_VALUE"""),"Platform平台") -> Platform平台
A112: Odawara Clockwise小田原/順向 | E112: Odawara Counter-Clockwise小田原/逆向 | I112: =IFERROR(__xludf.DUMMYFUNCTION("""COMPUTED_VALUE"""),"windnight5") -> windnight5 | J112: =IFERROR(__xludf.DUMMYFUNCTION("""COMPUTED_VALUE"""),0.0013940277777777779) -> 0.0013940278 | K112: =IFERROR(__xludf.DUMMYFUNCTION("""COMPUTED_VALUE"""),"PachirokuGT-Attack") -> PachirokuGT-Attack | L112: =IFERROR(__xludf.DUMMYFUNCTION("""COMPUTED_VALUE"""),"PCVR") -> PCVR | Q112: =IFERROR(__xludf.DUMMYFUNCTION("""COMPUTED_VALUE"""),"BannRaven") -> BannRaven | R112: =IFERROR(__xludf.DUMMYFUNCTION("""COMPUTED_VALUE"""),0.0017595833333333333) -> 0.0017595833 | S112: =IFERROR(__xludf.DUMMYFUNCTION("""COMPUTED_VALUE"""),"VRR250R") -> VRR250R | T112: =IFERROR(__xludf.DUMMYFUNCTION("""COMPUTED_VALUE"""),"PC") -> PC
A113: =IFERROR(__xludf.DUMMYFUNCTION("LET( 賽道, ""Odawara"", 路線, ""CW"", 系統, ""Sacc"", 原始, FILTER('歷史紀錄'!E29:H1168, '歷史紀錄'!B29:B1168=賽道, '歷史紀錄'!C29:C1168=路線, '歷史紀錄'!I29:I1168=系統), 排序後, SORT(原始, 2, TRUE), 玩家, INDEX(排序後,,1), 唯一玩家, UNIQUE(玩家), 結果, MAP(唯一玩家, LAMBDA(p, IND"&"EX(FILTER(排序後, INDEX(排序後,,1)=p),1,0) )), 表頭, {""Player玩家"",""Time時間"",""Car車種"",""Platform平台""}, VSTACK(表頭, 結果) ) "),"Player玩家") -> Player玩家 | B113: =IFERROR(__xludf.DUMMYFUNCTION("""COMPUTED_VALUE"""),"Time時間") -> Time時間 | C113: =IFERROR(__xludf.DUMMYFUNCTION("""COMPUTED_VALUE"""),"Car車種") -> Car車種 | D113: =IFERROR(__xludf.DUMMYFUNCTION("""COMPUTED_VALUE"""),"Platform平台") -> Platform平台 | E113: =IFERROR(__xludf.DUMMYFUNCTION("LET( 賽道, ""Odawara"", 路線, ""CC"", 系統, ""Sacc"", 原始, FILTER('歷史紀錄'!E29:H1168, '歷史紀錄'!B29:B1168=賽道, '歷史紀錄'!C29:C1168=路線, '歷史紀錄'!I29:I1168=系統), 排序後, SORT(原始, 2, TRUE), 玩家, INDEX(排序後,,1), 唯一玩家, UNIQUE(玩家), 結果, MAP(唯一玩家, LAMBDA(p, IND"&"EX(FILTER(排序後, INDEX(排序後,,1)=p),1,0) )), 表頭, {""Player玩家"",""Time時間"",""Car車種"",""Platform平台""}, VSTACK(表頭, 結果) ) "),"Player玩家") -> Player玩家 | F113: =IFERROR(__xludf.DUMMYFUNCTION("""COMPUTED_VALUE"""),"Time時間") -> Time時間 | G113: =IFERROR(__xludf.DUMMYFUNCTION("""COMPUTED_VALUE"""),"Car車種") -> Car車種 | H113: =IFERROR(__xludf.DUMMYFUNCTION("""COMPUTED_VALUE"""),"Platform平台") -> Platform平台 | I113: =IFERROR(__xludf.DUMMYFUNCTION("""COMPUTED_VALUE"""),"StarRiver Arts") -> StarRiver Arts | J113: =IFERROR(__xludf.DUMMYFUNCTION("""COMPUTED_VALUE"""),0.0014724189814814815) -> 0.001472419 | K113: =IFERROR(__xludf.DUMMYFUNCTION("""COMPUTED_VALUE"""),"LE6-Attack") -> LE6-Attack | L113: =IFERROR(__xludf.DUMMYFUNCTION("""COMPUTED_VALUE"""),"PC") -> PC | Q113: =IFERROR(__xludf.DUMMYFUNCTION("""COMPUTED_VALUE"""),"Kurotsuki.") -> Kurotsuki. | R113: =IFERROR(__xludf.DUMMYFUNCTION("""COMPUTED_VALUE"""),0.0020860648148148145) -> 0.0020860648 | S113: =IFERROR(__xludf.DUMMYFUNCTION("""COMPUTED_VALUE"""),"VRR250R") -> VRR250R | T113: =IFERROR(__xludf.DUMMYFUNCTION("""COMPUTED_VALUE"""),"PC") -> PC
A114: =IFERROR(__xludf.DUMMYFUNCTION("""COMPUTED_VALUE"""),"Lolidia") -> Lolidia | B114: =IFERROR(__xludf.DUMMYFUNCTION("""COMPUTED_VALUE"""),0.0026103472222222222) -> 0.0026103472 | C114: =IFERROR(__xludf.DUMMYFUNCTION("""COMPUTED_VALUE"""),"991(911 GT3)") -> 991(911 GT3) | D114: =IFERROR(__xludf.DUMMYFUNCTION("""COMPUTED_VALUE"""),"PCVR") -> PCVR | E114: =IFERROR(__xludf.DUMMYFUNCTION("""COMPUTED_VALUE"""),"Redfrogss") -> Redfrogss | F114: =IFERROR(__xludf.DUMMYFUNCTION("""COMPUTED_VALUE"""),0.0028285069444444447) -> 0.0028285069 | G114: =IFERROR(__xludf.DUMMYFUNCTION("""COMPUTED_VALUE"""),"R35N2") -> R35N2 | H114: =IFERROR(__xludf.DUMMYFUNCTION("""COMPUTED_VALUE"""),"PCVR") -> PCVR | I114: =IFERROR(__xludf.DUMMYFUNCTION("""COMPUTED_VALUE"""),"アビドサスヒカリ") -> アビドサスヒカリ | J114: =IFERROR(__xludf.DUMMYFUNCTION("""COMPUTED_VALUE"""),0.0015149768518518518) -> 0.0015149769 | K114: =IFERROR(__xludf.DUMMYFUNCTION("""COMPUTED_VALUE"""),"FD3S-Aspec") -> FD3S-Aspec | L114: =IFERROR(__xludf.DUMMYFUNCTION("""COMPUTED_VALUE"""),"PCVR") -> PCVR
...

Sheet 依賽道-車輛紀錄
A1: 作者：Jintei Sacc系統 | I1: 作者：FoxBG CVS系統 | Q1: 作者：StarRiver Arts 跨系統
A2: Akina Downhill秋名/下行 | E2: Akina Uphill秋名/上行 | I2: Nagao Downhill 長尾/下行 | M2: Shomaru Clockwise 正丸/順行 | Q2: 9Turns CVS Downhill 九彎十八拐/下行 | U2: 9Turns CVS Uphill 九彎十八拐/上行
A3: =IFERROR(__xludf.DUMMYFUNCTION("LET( 賽道, ""Akina"", 路線, ""DH"", 系統, ""Sacc"", 原始, FILTER('歷史紀錄'!$E$2:$H1244, '歷史紀錄'!$B2:$B1244=賽道, '歷史紀錄'!$C$2:$C1244=路線, '歷史紀錄'!$I$2:$I1244=系統), 排序後, SORT(原始, 2, TRUE), 車輛, INDEX(排序後,,3), 唯一車輛, UNIQUE(車輛), 結果, MAP(唯一車輛, LAMBDA(p, "&" INDEX(FILTER(排序後, INDEX(排序後,,3)=p),1,0) )), 表頭, {""Player玩家"",""Time時間"",""Car車種"",""Platform平台""}, VSTACK(表頭, 結果) ) "),"Player玩家") -> Player玩家 | B3: =IFERROR(__xludf.DUMMYFUNCTION("""COMPUTED_VALUE"""),"Time時間") -> Time時間 | C3: =IFERROR(__xludf.DUMMYFUNCTION("""COMPUTED_VALUE"""),"Car車種") -> Car車種 | D3: =IFERROR(__xludf.DUMMYFUNCTION("""COMPUTED_VALUE"""),"Platform平台") -> Platform平台 | E3: =IFERROR(__xludf.DUMMYFUNCTION("LET( 賽道, ""Akina"", 路線, ""UH"", 系統, ""Sacc"", 原始, FILTER('歷史紀錄'!$E$2:$H1244, '歷史紀錄'!$B2:$B1244=賽道, '歷史紀錄'!$C$2:$C1244=路線, '歷史紀錄'!$I$2:$I1244=系統), 排序後, SORT(原始, 2, TRUE), 車輛, INDEX(排序後,,3), 唯一車輛, UNIQUE(車輛), 結果, MAP(唯一車輛, LAMBDA(p, "&" INDEX(FILTER(排序後, INDEX(排序後,,3)=p),1,0) )), 表頭, {""Player玩家"",""Time時間"",""Car車種"",""Platform平台""}, VSTACK(表頭, 結果) ) "),"Player玩家") -> Player玩家 | F3: =IFERROR(__xludf.DUMMYFUNCTION("""COMPUTED_VALUE"""),"Time時間") -> Time時間 | G3: =IFERROR(__xludf.DUMMYFUNCTION("""COMPUTED_VALUE"""),"Car車種") -> Car車種 | H3: =IFERROR(__xludf.DUMMYFUNCTION("""COMPUTED_VALUE"""),"Platform平台") -> Platform平台 | I3: =IFERROR(__xludf.DUMMYFUNCTION("LET( 賽道, ""Nagao"", 路線, ""DH"", 系統, ""CVS"", 原始, FILTER('歷史紀錄'!$E$2:$H1244, '歷史紀錄'!$B2:$B1244=賽道, '歷史紀錄'!$C$2:$C1244=路線, '歷史紀錄'!$I$2:$I1244=系統), 排序後, SORT(原始, 2, TRUE), 車輛, INDEX(排序後,,3), 唯一車輛, UNIQUE(車輛), 結果, MAP(唯一車輛, LAMBDA(p, "&" INDEX(FILTER(排序後, INDEX(排序後,,3)=p),1,0) )), 表頭, {""Player玩家"",""Time時間"",""Car車種"",""Platform平台""}, VSTACK(表頭, 結果) ) "),"Player玩家") -> Player玩家 | J3: =IFERROR(__xludf.DUMMYFUNCTION("""COMPUTED_VALUE"""),"Time時間") -> Time時間 | K3: =IFERROR(__xludf.DUMMYFUNCTION("""COMPUTED_VALUE"""),"Car車種") -> Car車種 | L3: =IFERROR(__xludf.DUMMYFUNCTION("""COMPUTED_VALUE"""),"Platform平台") -> Platform平台 | M3: =IFERROR(__xludf.DUMMYFUNCTION("LET( 賽道, ""Shomaru"", 路線, """", 系統, ""CVS"", 原始, FILTER('歷史紀錄'!$E$2:$H1244, '歷史紀錄'!$B2:$B1244=賽道, '歷史紀錄'!$C$2:$C1244=路線, '歷史紀錄'!$I$2:$I1244=系統), 排序後, SORT(原始, 2, TRUE), 車輛, INDEX(排序後,,3), 唯一車輛, UNIQUE(車輛), 結果, MAP(唯一車輛, LAMBDA(p, "&" INDEX(FILTER(排序後, INDEX(排序後,,3)=p),1,0) )), 表頭, {""Player玩家"",""Time時間"",""Car車種"",""Platform平台""}, VSTACK(表頭, 結果) ) "),"Player玩家") -> Player玩家 | N3: =IFERROR(__xludf.DUMMYFUNCTION("""COMPUTED_VALUE"""),"Time時間") -> Time時間 | O3: =IFERROR(__xludf.DUMMYFUNCTION("""COMPUTED_VALUE"""),"Car車種") -> Car車種 | P3: =IFERROR(__xludf.DUMMYFUNCTION("""COMPUTED_VALUE"""),"Platform平台") -> Platform平台 | Q3: =IFERROR(__xludf.DUMMYFUNCTION("LET( 賽道, ""PT:9T"", 路線, ""DH"", 系統, ""CVS"", 原始, FILTER('歷史紀錄'!$E$2:$H1244, '歷史紀錄'!$B$2:$B1244=賽道, '歷史紀錄'!$C$2:$C1244=路線, '歷史紀錄'!$I$2:$I1244=系統), 排序後, SORT(原始, 2, TRUE), 車輛, INDEX(排序後,,3), 唯一車輛, UNIQUE(車輛), 結果, MAP(唯一車輛, LAMBDA(p, "&" INDEX(FILTER(排序後, INDEX(排序後,,3)=p),1,0) )), 表頭, {""Player玩家"",""Time時間"",""Car車種"",""Platform平台""}, VSTACK(表頭, 結果) ) "),"Player玩家") -> Player玩家 | R3: =IFERROR(__xludf.DUMMYFUNCTION("""COMPUTED_VALUE"""),"Time時間") -> Time時間 | S3: =IFERROR(__xludf.DUMMYFUNCTION("""COMPUTED_VALUE"""),"Car車種") -> Car車種 | T3: =IFERROR(__xludf.DUMMYFUNCTION("""COMPUTED_VALUE"""),"Platform平台") -> Platform平台 | U3: Player玩家 | V3: Time時間 | W3: Car車種 | X3: Platform平台
A4: =IFERROR(__xludf.DUMMYFUNCTION("""COMPUTED_VALUE"""),"Lolidia") -> Lolidia | B4: =IFERROR(__xludf.DUMMYFUNCTION("""COMPUTED_VALUE"""),0.0023936574074074073) -> 0.0023936574 | C4: =IFERROR(__xludf.DUMMYFUNCTION("""COMPUTED_VALUE"""),"AE86T-V2") -> AE86T-V2 | D4: =IFERROR(__xludf.DUMMYFUNCTION("""COMPUTED_VALUE"""),"PCVR") -> PCVR | E4: =IFERROR(__xludf.DUMMYFUNCTION("""COMPUTED_VALUE"""),"Lolidia") -> Lolidia | F4: =IFERROR(__xludf.DUMMYFUNCTION("""COMPUTED_VALUE"""),0.002610914351851852) -> 0.0026109144 | G4: =IFERROR(__xludf.DUMMYFUNCTION("""COMPUTED_VALUE"""),"AE86T-V2") -> AE86T-V2 | H4: =IFERROR(__xludf.DUMMYFUNCTION("""COMPUTED_VALUE"""),"PCVR") -> PCVR | I4: =IFERROR(__xludf.DUMMYFUNCTION("""COMPUTED_VALUE"""),"ねぎたま") -> ねぎたま | J4: =IFERROR(__xludf.DUMMYFUNCTION("""COMPUTED_VALUE"""),0.002542025462962963) -> 0.0025420255 | K4: =IFERROR(__xludf.DUMMYFUNCTION("""COMPUTED_VALUE"""),"X7 RR") -> X7 RR | L4: =IFERROR(__xludf.DUMMYFUNCTION("""COMPUTED_VALUE"""),"PCVR") -> PCVR | M4: =IFERROR(__xludf.DUMMYFUNCTION("""COMPUTED_VALUE"""),"#N/A") -> #N/A | N4: =IFERROR(__xludf.DUMMYFUNCTION("""COMPUTED_VALUE"""),"#N/A") -> #N/A | O4: =IFERROR(__xludf.DUMMYFUNCTION("""COMPUTED_VALUE"""),"#N/A") -> #N/A | P4: =IFERROR(__xludf.DUMMYFUNCTION("""COMPUTED_VALUE"""),"#N/A") -> #N/A | Q4: =IFERROR(__xludf.DUMMYFUNCTION("""COMPUTED_VALUE"""),"MotherEVO") -> MotherEVO | R4: =IFERROR(__xludf.DUMMYFUNCTION("""COMPUTED_VALUE"""),0.0038710300925925926) -> 0.0038710301 | S4: =IFERROR(__xludf.DUMMYFUNCTION("""COMPUTED_VALUE"""),"EVOIII/CE9A") -> EVOIII/CE9A | T4: =IFERROR(__xludf.DUMMYFUNCTION("""COMPUTED_VALUE"""),"PCVR") -> PCVR
A5: =IFERROR(__xludf.DUMMYFUNCTION("""COMPUTED_VALUE"""),"Lolidia") -> Lolidia | B5: =IFERROR(__xludf.DUMMYFUNCTION("""COMPUTED_VALUE"""),0.0024071527777777776) -> 0.0024071528 | C5: =IFERROR(__xludf.DUMMYFUNCTION("""COMPUTED_VALUE"""),"GR86/ZN8") -> GR86/ZN8 | D5: =IFERROR(__xludf.DUMMYFUNCTION("""COMPUTED_VALUE"""),"PCVR") -> PCVR | E5: =IFERROR(__xludf.DUMMYFUNCTION("""COMPUTED_VALUE"""),"ZihChin") -> ZihChin | F5: =IFERROR(__xludf.DUMMYFUNCTION("""COMPUTED_VALUE"""),0.0027186689814814816) -> 0.002718669 | G5: =IFERROR(__xludf.DUMMYFUNCTION("""COMPUTED_VALUE"""),"GT86/ZN6") -> GT86/ZN6 | H5: =IFERROR(__xludf.DUMMYFUNCTION("""COMPUTED_VALUE"""),"PC") -> PC | I5: =IFERROR(__xludf.DUMMYFUNCTION("""COMPUTED_VALUE"""),"StarRiver Arts") -> StarRiver Arts | J5: =IFERROR(__xludf.DUMMYFUNCTION("""COMPUTED_VALUE"""),0.0034108796296296296) -> 0.0034108796 | K5: =IFERROR(__xludf.DUMMYFUNCTION("""COMPUTED_VALUE"""),"Karin 96") -> Karin 96 | L5: =IFERROR(__xludf.DUMMYFUNCTION("""COMPUTED_VALUE"""),"PC") -> PC | Q5: =IFERROR(__xludf.DUMMYFUNCTION("""COMPUTED_VALUE"""),"Lolidia") -> Lolidia | R5: =IFERROR(__xludf.DUMMYFUNCTION("""COMPUTED_VALUE"""),0.004538715277777778) -> 0.0045387153 | S5: =IFERROR(__xludf.DUMMYFUNCTION("""COMPUTED_VALUE"""),"SampleCar") -> SampleCar | T5: =IFERROR(__xludf.DUMMYFUNCTION("""COMPUTED_VALUE"""),"PCVR") -> PCVR
A6: =IFERROR(__xludf.DUMMYFUNCTION("""COMPUTED_VALUE"""),"菲娜 希琉絲") -> 菲娜 希琉絲 | B6: =IFERROR(__xludf.DUMMYFUNCTION("""COMPUTED_VALUE"""),0.0025018402777777777) -> 0.0025018403 | C6: =IFERROR(__xludf.DUMMYFUNCTION("""COMPUTED_VALUE"""),"GC8-F (Impreza)") -> GC8-F (Impreza) | D6: =IFERROR(__xludf.DUMMYFUNCTION("""COMPUTED_VALUE"""),"PCVR") -> PCVR | E6: =IFERROR(__xludf.DUMMYFUNCTION("""COMPUTED_VALUE"""),"StarRiver Arts") -> StarRiver Arts | F6: =IFERROR(__xludf.DUMMYFUNCTION("""COMPUTED_VALUE"""),0.0029733796296296296) -> 0.0029733796 | G6: =IFERROR(__xludf.DUMMYFUNCTION("""COMPUTED_VALUE"""),"EVOIV/CN9A") -> EVOIV/CN9A | H6: =IFERROR(__xludf.DUMMYFUNCTION("""COMPUTED_VALUE"""),"PC") -> PC | I6: =IFERROR(__xludf.DUMMYFUNCTION("""COMPUTED_VALUE"""),"Test Driver") -> Test Driver | J6: =IFERROR(__xludf.DUMMYFUNCTION("""COMPUTED_VALUE"""),0.006944444444444444) -> 0.0069444444 | K6: =IFERROR(__xludf.DUMMYFUNCTION("""COMPUTED_VALUE"""),"Comet Custom") -> Comet Custom | Q6: =IFERROR(__xludf.DUMMYFUNCTION("""COMPUTED_VALUE"""),"Yukira雪夜") -> Yukira雪夜 | R6: =IFERROR(__xludf.DUMMYFUNCTION("""COMPUTED_VALUE"""),0.008214108796296296) -> 0.0082141088 | S6: =IFERROR(__xludf.DUMMYFUNCTION("""COMPUTED_VALUE"""),"Bus") -> Bus | T6: =IFERROR(__xludf.DUMMYFUNCTION("""COMPUTED_VALUE"""),"PCVR") -> PCVR
A7: =IFERROR(__xludf.DUMMYFUNCTION("""COMPUTED_VALUE"""),"菲娜 希琉絲") -> 菲娜 希琉絲 | B7: =IFERROR(__xludf.DUMMYFUNCTION("""COMPUTED_VALUE"""),0.0025020254629629633) -> 0.0025020255 | C7: =IFERROR(__xludf.DUMMYFUNCTION("""COMPUTED_VALUE"""),"FD3S (RX7)(TT)") -> FD3S (RX7)(TT) | D7: =IFERROR(__xludf.DUMMYFUNCTION("""COMPUTED_VALUE"""),"PCVR") -> PCVR | E7: =IFERROR(__xludf.DUMMYFUNCTION("""COMPUTED_VALUE"""),"StarRiver Arts") -> StarRiver Arts | F7: =IFERROR(__xludf.DUMMYFUNCTION("""COMPUTED_VALUE"""),0.003138506944444444) -> 0.0031385069 | G7: =IFERROR(__xludf.DUMMYFUNCTION("""COMPUTED_VALUE"""),"S13") -> S13 | H7: =IFERROR(__xludf.DUMMYFUNCTION("""COMPUTED_VALUE"""),"PC") -> PC | I7: =IFERROR(__xludf.DUMMYFUNCTION("""COMPUTED_VALUE"""),"Test Driver") -> Test Driver | J7: =IFERROR(__xludf.DUMMYFUNCTION("""COMPUTED_VALUE"""),0.006944444444444444) -> 0.0069444444 | K7: =IFERROR(__xludf.DUMMYFUNCTION("""COMPUTED_VALUE"""),"N2X") -> N2X
A8: =IFERROR(__xludf.DUMMYFUNCTION("""COMPUTED_VALUE"""),"Kinokono_Tenka") -> Kinokono_Tenka | B8: =IFERROR(__xludf.DUMMYFUNCTION("""COMPUTED_VALUE"""),0.002562048611111111) -> 0.0025620486 | C8: =IFERROR(__xludf.DUMMYFUNCTION("""COMPUTED_VALUE"""),"EG6 (civic)") -> EG6 (civic) | D8: =IFERROR(__xludf.DUMMYFUNCTION("""COMPUTED_VALUE"""),"PCVR") -> PCVR | E8: =IFERROR(__xludf.DUMMYFUNCTION("""COMPUTED_VALUE"""),"StarRiver Arts") -> StarRiver Arts | F8: =IFERROR(__xludf.DUMMYFUNCTION("""COMPUTED_VALUE"""),0.0032594560185185187) -> 0.003259456 | G8: =IFERROR(__xludf.DUMMYFUNCTION("""COMPUTED_VALUE"""),"SW20 (MR2)") -> SW20 (MR2) | H8: =IFERROR(__xludf.DUMMYFUNCTION("""COMPUTED_VALUE"""),"PC") -> PC | I8: =IFERROR(__xludf.DUMMYFUNCTION("""COMPUTED_VALUE"""),"Test Driver") -> Test Driver | J8: =IFERROR(__xludf.DUMMYFUNCTION("""COMPUTED_VALUE"""),0.006944444444444444) -> 0.0069444444 | K8: =IFERROR(__xludf.DUMMYFUNCTION("""COMPUTED_VALUE"""),"Karin Saikou") -> Karin Saikou
A9: =IFERROR(__xludf.DUMMYFUNCTION("""COMPUTED_VALUE"""),"Rushia Angel") -> Rushia Angel | B9: =IFERROR(__xludf.DUMMYFUNCTION("""COMPUTED_VALUE"""),0.0025628472222222224) -> 0.0025628472 | C9: =IFERROR(__xludf.DUMMYFUNCTION("""COMPUTED_VALUE"""),"BNR32") -> BNR32 | D9: =IFERROR(__xludf.DUMMYFUNCTION("""COMPUTED_VALUE"""),"PC") -> PC | E9: =IFERROR(__xludf.DUMMYFUNCTION("""COMPUTED_VALUE"""),"Test Driver") -> Test Driver | F9: =IFERROR(__xludf.DUMMYFUNCTION("""COMPUTED_VALUE"""),0.006944444444444444) -> 0.0069444444 | G9: =IFERROR(__xludf.DUMMYFUNCTION("""COMPUTED_VALUE"""),"180SX") -> 180SX | I9: =IFERROR(__xludf.DUMMYFUNCTION("""COMPUTED_VALUE"""),"Test Driver") -> Test Driver | J9: =IFERROR(__xludf.DUMMYFUNCTION("""COMPUTED_VALUE"""),0.006944444444444444) -> 0.0069444444 | K9: =IFERROR(__xludf.DUMMYFUNCTION("""COMPUTED_VALUE"""),"Highline TT") -> Highline TT | Q9: 9Turns Sacc Downhill 九彎十八拐/下行 | U9: 9Turns Sacc Uphill 九彎十八拐/上行
A10: =IFERROR(__xludf.DUMMYFUNCTION("""COMPUTED_VALUE"""),"StarRiver Arts") -> StarRiver Arts | B10: =IFERROR(__xludf.DUMMYFUNCTION("""COMPUTED_VALUE"""),0.0025968402777777778) -> 0.0025968403 | C10: =IFERROR(__xludf.DUMMYFUNCTION("""COMPUTED_VALUE"""),"EVOIV/CN9A") -> EVOIV/CN9A | D10: =IFERROR(__xludf.DUMMYFUNCTION("""COMPUTED_VALUE"""),"PC") -> PC | E10: =IFERROR(__xludf.DUMMYFUNCTION("""COMPUTED_VALUE"""),"Test Driver") -> Test Driver | F10: =IFERROR(__xludf.DUMMYFUNCTION("""COMPUTED_VALUE"""),0.006944444444444444) -> 0.0069444444 | G10: =IFERROR(__xludf.DUMMYFUNCTION("""COMPUTED_VALUE"""),"S15") -> S15 | I10: =IFERROR(__xludf.DUMMYFUNCTION("""COMPUTED_VALUE"""),"Test Driver") -> Test Driver | J10: =IFERROR(__xludf.DUMMYFUNCTION("""COMPUTED_VALUE"""),0.006944444444444444) -> 0.0069444444 | K10: =IFERROR(__xludf.DUMMYFUNCTION("""COMPUTED_VALUE"""),"285xs") -> 285xs | Q10: Player玩家 | R10: Time時間 | S10: Car車種 | T10: Platform平台 | U10: Player玩家 | V10: Time時間 | W10: Car車種 | X10: Platform平台
A11: =IFERROR(__xludf.DUMMYFUNCTION("""COMPUTED_VALUE"""),"アビドサスヒカリ") -> アビドサスヒカリ | B11: =IFERROR(__xludf.DUMMYFUNCTION("""COMPUTED_VALUE"""),0.0025991550925925926) -> 0.0025991551 | C11: =IFERROR(__xludf.DUMMYFUNCTION("""COMPUTED_VALUE"""),"S30Z(Nissan Fairlady Z/Devil Z)") -> S30Z(Nissan Fairlady Z/Devil Z) | D11: =IFERROR(__xludf.DUMMYFUNCTION("""COMPUTED_VALUE"""),"PC") -> PC | E11: =IFERROR(__xludf.DUMMYFUNCTION("""COMPUTED_VALUE"""),"Test Driver") -> Test Driver | F11: =IFERROR(__xludf.DUMMYFUNCTION("""COMPUTED_VALUE"""),0.006944444444444444) -> 0.0069444444 | G11: =IFERROR(__xludf.DUMMYFUNCTION("""COMPUTED_VALUE"""),"FD3S (RX7)(ST)") -> FD3S (RX7)(ST) | I11: =IFERROR(__xludf.DUMMYFUNCTION("""COMPUTED_VALUE"""),"Test Driver") -> Test Driver | J11: =IFERROR(__xludf.DUMMYFUNCTION("""COMPUTED_VALUE"""),0.006944444444444444) -> 0.0069444444 | K11: =IFERROR(__xludf.DUMMYFUNCTION("""COMPUTED_VALUE"""),"GT106") -> GT106
A12: =IFERROR(__xludf.DUMMYFUNCTION("""COMPUTED_VALUE"""),"StarRiver Arts") -> StarRiver Arts | B12: =IFERROR(__xludf.DUMMYFUNCTION("""COMPUTED_VALUE"""),0.0026064814814814818) -> 0.0026064815 | C12: =IFERROR(__xludf.DUMMYFUNCTION("""COMPUTED_VALUE"""),"S15") -> S15 | D12: =IFERROR(__xludf.DUMMYFUNCTION("""COMPUTED_VALUE"""),"PC") -> PC | E12: =IFERROR(__xludf.DUMMYFUNCTION("""COMPUTED_VALUE"""),"Test Driver") -> Test Driver | F12: =IFERROR(__xludf.DUMMYFUNCTION("""COMPUTED_VALUE"""),0.006944444444444444) -> 0.0069444444 | G12: =IFERROR(__xludf.DUMMYFUNCTION("""COMPUTED_VALUE"""),"FC3S (RX7)") -> FC3S (RX7) | I12: =IFERROR(__xludf.DUMMYFUNCTION("""COMPUTED_VALUE"""),"Test Driver") -> Test Driver | J12: =IFERROR(__xludf.DUMMYFUNCTION("""COMPUTED_VALUE"""),0.006944444444444444) -> 0.0069444444 | K12: =IFERROR(__xludf.DUMMYFUNCTION("""COMPUTED_VALUE"""),"Highline T2 XL") -> Highline T2 XL
A13: =IFERROR(__xludf.DUMMYFUNCTION("""COMPUTED_VALUE"""),"アビドサスヒカリ") -> アビドサスヒカリ | B13: =IFERROR(__xludf.DUMMYFUNCTION("""COMPUTED_VALUE"""),0.0027160995370370373) -> 0.0027160995 | C13: =IFERROR(__xludf.DUMMYFUNCTION("""COMPUTED_VALUE"""),"GT86/ZN6") -> GT86/ZN6 | D13: =IFERROR(__xludf.DUMMYFUNCTION("""COMPUTED_VALUE"""),"PC") -> PC | E13: =IFERROR(__xludf.DUMMYFUNCTION("""COMPUTED_VALUE"""),"Test Driver") -> Test Driver | F13: =IFERROR(__xludf.DUMMYFUNCTION("""COMPUTED_VALUE"""),0.006944444444444444) -> 0.0069444444 | G13: =IFERROR(__xludf.DUMMYFUNCTION("""COMPUTED_VALUE"""),"S14") -> S14 | I13: =IFERROR(__xludf.DUMMYFUNCTION("""COMPUTED_VALUE"""),"Test Driver") -> Test Driver | J13: =IFERROR(__xludf.DUMMYFUNCTION("""COMPUTED_VALUE"""),0.006944444444444444) -> 0.0069444444 | K13: =IFERROR(__xludf.DUMMYFUNCTION("""COMPUTED_VALUE"""),"280xs") -> 280xs
A14: =IFERROR(__xludf.DUMMYFUNCTION("""COMPUTED_VALUE"""),"StarRiver Arts") -> StarRiver Arts | B14: =IFERROR(__xludf.DUMMYFUNCTION("""COMPUTED_VALUE"""),0.0027644675925925927) -> 0.0027644676 | C14: =IFERROR(__xludf.DUMMYFUNCTION("""COMPUTED_VALUE"""),"AE86L-V2") -> AE86L-V2 | D14: =IFERROR(__xludf.DUMMYFUNCTION("""COMPUTED_VALUE"""),"PC") -> PC | E14: =IFERROR(__xludf.DUMMYFUNCTION("""COMPUTED_VALUE"""),"Test Driver") -> Test Driver | F14: =IFERROR(__xludf.DUMMYFUNCTION("""COMPUTED_VALUE"""),0.006944444444444444) -> 0.0069444444 | G14: =IFERROR(__xludf.DUMMYFUNCTION("""COMPUTED_VALUE"""),"Blackbird") -> Blackbird | I14: =IFERROR(__xludf.DUMMYFUNCTION("""COMPUTED_VALUE"""),"Test Driver") -> Test Driver | J14: =IFERROR(__xludf.DUMMYFUNCTION("""COMPUTED_VALUE"""),0.006944444444444444) -> 0.0069444444 | K14: =IFERROR(__xludf.DUMMYFUNCTION("""COMPUTED_VALUE"""),"Highline T2 ") -> Highline T2 | Q14: StarSight Touge Downhill觀星山/下行 | U14: StarSight Touge Uphill觀星山/上行
A15: =IFERROR(__xludf.DUMMYFUNCTION("""COMPUTED_VALUE"""),"StarRiver Arts") -> StarRiver Arts | B15: =IFERROR(__xludf.DUMMYFUNCTION("""COMPUTED_VALUE"""),0.0028387384259259255) -> 0.0028387384 | C15: =IFERROR(__xludf.DUMMYFUNCTION("""COMPUTED_VALUE"""),"S13") -> S13 | D15: =IFERROR(__xludf.DUMMYFUNCTION("""COMPUTED_VALUE"""),"PC") -> PC | E15: =IFERROR(__xludf.DUMMYFUNCTION("""COMPUTED_VALUE"""),"Test Driver") -> Test Driver | F15: =IFERROR(__xludf.DUMMYFUNCTION("""COMPUTED_VALUE"""),0.006944444444444444) -> 0.0069444444 | G15: =IFERROR(__xludf.DUMMYFUNCTION("""COMPUTED_VALUE"""),"DB42 (GR Supra)") -> DB42 (GR Supra) | I15: =IFERROR(__xludf.DUMMYFUNCTION("""COMPUTED_VALUE"""),"Test Driver") -> Test Driver | J15: =IFERROR(__xludf.DUMMYFUNCTION("""COMPUTED_VALUE"""),0.006944444444444444) -> 0.0069444444 | K15: =IFERROR(__xludf.DUMMYFUNCTION("""COMPUTED_VALUE"""),"Karin Intruder") -> Karin Intruder | Q15: =IFERROR(__xludf.DUMMYFUNCTION("LET( 賽道, ""StarSight"", 路線, ""DH"", 系統, ""CVS"", 原始, FILTER('歷史紀錄'!$E$2:$H1244, '歷史紀錄'!$B$2:$B1244=賽道, '歷史紀錄'!$C$2:$C1244=路線, '歷史紀錄'!$I$2:$I1244=系統), 排序後, SORT(原始, 2, TRUE), 車輛, INDEX(排序後,,3), 唯一車輛, UNIQUE(車輛), 結果, MAP(唯一車輛, LAMBDA(p, "&" INDEX(FILTER(排序後, INDEX(排序後,,3)=p),1,0) )), 表頭, {""Player玩家"",""Time時間"",""Car車種"",""Platform平台""}, VSTACK(表頭, 結果) ) "),"Player玩家") -> Player玩家 | R15: =IFERROR(__xludf.DUMMYFUNCTION("""COMPUTED_VALUE"""),"Time時間") -> Time時間 | S15: =IFERROR(__xludf.DUMMYFUNCTION("""COMPUTED_VALUE"""),"Car車種") -> Car車種 | T15: =IFERROR(__xludf.DUMMYFUNCTION("""COMPUTED_VALUE"""),"Platform平台") -> Platform平台 | U15: =IFERROR(__xludf.DUMMYFUNCTION("LET( 賽道, ""StarSight"", 路線, ""UH"", 系統, ""CVS"", 原始, FILTER('歷史紀錄'!$E$2:$H1244, '歷史紀錄'!$B$2:$B1244=賽道, '歷史紀錄'!$C$2:$C1244=路線, '歷史紀錄'!$I$2:$I1244=系統), 排序後, SORT(原始, 2, TRUE), 車輛, INDEX(排序後,,3), 唯一車輛, UNIQUE(車輛), 結果, MAP(唯一車輛, LAMBDA(p, "&" INDEX(FILTER(排序後, INDEX(排序後,,3)=p),1,0) )), 表頭, {""Player玩家"",""Time時間"",""Car車種"",""Platform平台""}, VSTACK(表頭, 結果) ) "),"Player玩家") -> Player玩家 | V15: =IFERROR(__xludf.DUMMYFUNCTION("""COMPUTED_VALUE"""),"Time時間") -> Time時間 | W15: =IFERROR(__xludf.DUMMYFUNCTION("""COMPUTED_VALUE"""),"Car車種") -> Car車種 | X15: =IFERROR(__xludf.DUMMYFUNCTION("""COMPUTED_VALUE"""),"Platform平台") -> Platform平台
A16: =IFERROR(__xludf.DUMMYFUNCTION("""COMPUTED_VALUE"""),"StarRiver Arts") -> StarRiver Arts | B16: =IFERROR(__xludf.DUMMYFUNCTION("""COMPUTED_VALUE"""),0.0028537847222222224) -> 0.0028537847 | C16: =IFERROR(__xludf.DUMMYFUNCTION("""COMPUTED_VALUE"""),"Hurricant(LB724)") -> Hurricant(LB724) | D16: =IFERROR(__xludf.DUMMYFUNCTION("""COMPUTED_VALUE"""),"PC") -> PC | E16: =IFERROR(__xludf.DUMMYFUNCTION("""COMPUTED_VALUE"""),"Test Driver") -> Test Driver | F16: =IFERROR(__xludf.DUMMYFUNCTION("""COMPUTED_VALUE"""),0.006944444444444444) -> 0.0069444444 | G16: =IFERROR(__xludf.DUMMYFUNCTION("""COMPUTED_VALUE"""),"AE86L-V2") -> AE86L-V2 | I16: =IFERROR(__xludf.DUMMYFUNCTION("""COMPUTED_VALUE"""),"Test Driver") -> Test Driver | J16: =IFERROR(__xludf.DUMMYFUNCTION("""COMPUTED_VALUE"""),0.006944444444444444) -> 0.0069444444 | K16: =IFERROR(__xludf.DUMMYFUNCTION("""COMPUTED_VALUE"""),"284xs") -> 284xs | Q16: =IFERROR(__xludf.DUMMYFUNCTION("""COMPUTED_VALUE"""),"Lolidia") -> Lolidia | R16: =IFERROR(__xludf.DUMMYFUNCTION("""COMPUTED_VALUE"""),0.0010182638888888889) -> 0.0010182639 | S16: =IFERROR(__xludf.DUMMYFUNCTION("""COMPUTED_VALUE"""),"EVO3") -> EVO3 | T16: =IFERROR(__xludf.DUMMYFUNCTION("""COMPUTED_VALUE"""),"PCVR") -> PCVR | U16: =IFERROR(__xludf.DUMMYFUNCTION("""COMPUTED_VALUE"""),"#N/A") -> #N/A | V16: =IFERROR(__xludf.DUMMYFUNCTION("""COMPUTED_VALUE"""),"#N/A") -> #N/A | W16: =IFERROR(__xludf.DUMMYFUNCTION("""COMPUTED_VALUE"""),"#N/A") -> #N/A | X16: =IFERROR(__xludf.DUMMYFUNCTION("""COMPUTED_VALUE"""),"#N/A") -> #N/A
A17: =IFERROR(__xludf.DUMMYFUNCTION("""COMPUTED_VALUE"""),"StarRiver Arts") -> StarRiver Arts | B17: =IFERROR(__xludf.DUMMYFUNCTION("""COMPUTED_VALUE"""),0.0032253124999999994) -> 0.0032253125 | C17: =IFERROR(__xludf.DUMMYFUNCTION("""COMPUTED_VALUE"""),"AE86T") -> AE86T | D17: =IFERROR(__xludf.DUMMYFUNCTION("""COMPUTED_VALUE"""),"PC") -> PC | E17: =IFERROR(__xludf.DUMMYFUNCTION("""COMPUTED_VALUE"""),"Test Driver") -> Test Driver | F17: =IFERROR(__xludf.DUMMYFUNCTION("""COMPUTED_VALUE"""),0.006944444444444444) -> 0.0069444444 | G17: =IFERROR(__xludf.DUMMYFUNCTION("""COMPUTED_VALUE"""),"Hurricant(LB724)") -> Hurricant(LB724) | Q17: =IFERROR(__xludf.DUMMYFUNCTION("""COMPUTED_VALUE"""),"Light_Spirit") -> Light_Spirit | R17: =IFERROR(__xludf.DUMMYFUNCTION("""COMPUTED_VALUE"""),0.0010786226851851853) -> 0.0010786227 | S17: =IFERROR(__xludf.DUMMYFUNCTION("""COMPUTED_VALUE"""),"Macchiato") -> Macchiato | T17: =IFERROR(__xludf.DUMMYFUNCTION("""COMPUTED_VALUE"""),"PCVR") -> PCVR
A18: =IFERROR(__xludf.DUMMYFUNCTION("""COMPUTED_VALUE"""),"StarRiver Arts") -> StarRiver Arts | B18: =IFERROR(__xludf.DUMMYFUNCTION("""COMPUTED_VALUE"""),0.003335451388888889) -> 0.0033354514 | C18: =IFERROR(__xludf.DUMMYFUNCTION("""COMPUTED_VALUE"""),"AE85") -> AE85 | D18: =IFERROR(__xludf.DUMMYFUNCTION("""COMPUTED_VALUE"""),"PC") -> PC | E18: =IFERROR(__xludf.DUMMYFUNCTION("""COMPUTED_VALUE"""),"Test Driver") -> Test Driver | F18: =IFERROR(__xludf.DUMMYFUNCTION("""COMPUTED_VALUE"""),0.006944444444444444) -> 0.0069444444 | G18: =IFERROR(__xludf.DUMMYFUNCTION("""COMPUTED_VALUE"""),"AE86T") -> AE86T | Q18: =IFERROR(__xludf.DUMMYFUNCTION("""COMPUTED_VALUE"""),"Yangtao") -> Yangtao | R18: =IFERROR(__xludf.DUMMYFUNCTION("""COMPUTED_VALUE"""),0.0011427430555555555) -> 0.0011427431 | S18: =IFERROR(__xludf.DUMMYFUNCTION("""COMPUTED_VALUE"""),"LapinTuned") -> LapinTuned | T18: =IFERROR(__xludf.DUMMYFUNCTION("""COMPUTED_VALUE"""),"PCVR") -> PCVR
A19: =IFERROR(__xludf.DUMMYFUNCTION("""COMPUTED_VALUE"""),"Test Driver") -> Test Driver | B19: =IFERROR(__xludf.DUMMYFUNCTION("""COMPUTED_VALUE"""),0.006944444444444444) -> 0.0069444444 | C19: =IFERROR(__xludf.DUMMYFUNCTION("""COMPUTED_VALUE"""),"AE86L") -> AE86L | E19: =IFERROR(__xludf.DUMMYFUNCTION("""COMPUTED_VALUE"""),"Test Driver") -> Test Driver | F19: =IFERROR(__xludf.DUMMYFUNCTION("""COMPUTED_VALUE"""),0.006944444444444444) -> 0.0069444444 | G19: =IFERROR(__xludf.DUMMYFUNCTION("""COMPUTED_VALUE"""),"AE85") -> AE85 | Q19: =IFERROR(__xludf.DUMMYFUNCTION("""COMPUTED_VALUE"""),"ねぎたま") -> ねぎたま | R19: =IFERROR(__xludf.DUMMYFUNCTION("""COMPUTED_VALUE"""),0.0012523032407407407) -> 0.0012523032 | S19: =IFERROR(__xludf.DUMMYFUNCTION("""COMPUTED_VALUE"""),"CoachKart") -> CoachKart | T19: =IFERROR(__xludf.DUMMYFUNCTION("""COMPUTED_VALUE"""),"PCVR") -> PCVR
A20: =IFERROR(__xludf.DUMMYFUNCTION("""COMPUTED_VALUE"""),"Test Driver") -> Test Driver | B20: =IFERROR(__xludf.DUMMYFUNCTION("""COMPUTED_VALUE"""),0.006944444444444444) -> 0.0069444444 | C20: =IFERROR(__xludf.DUMMYFUNCTION("""COMPUTED_VALUE"""),"FD3S (RX7)(ST)") -> FD3S (RX7)(ST) | E20: =IFERROR(__xludf.DUMMYFUNCTION("""COMPUTED_VALUE"""),"Test Driver") -> Test Driver | F20: =IFERROR(__xludf.DUMMYFUNCTION("""COMPUTED_VALUE"""),0.006944444444444444) -> 0.0069444444 | G20: =IFERROR(__xludf.DUMMYFUNCTION("""COMPUTED_VALUE"""),"AE86L") -> AE86L | Q20: =IFERROR(__xludf.DUMMYFUNCTION("""COMPUTED_VALUE"""),"Linjeyooo") -> Linjeyooo | R20: =IFERROR(__xludf.DUMMYFUNCTION("""COMPUTED_VALUE"""),0.002488425925925926) -> 0.0024884259 | S20: =IFERROR(__xludf.DUMMYFUNCTION("""COMPUTED_VALUE"""),"PinoBus") -> PinoBus | T20: =IFERROR(__xludf.DUMMYFUNCTION("""COMPUTED_VALUE"""),"PCVR") -> PCVR
A21: =IFERROR(__xludf.DUMMYFUNCTION("""COMPUTED_VALUE"""),"Test Driver") -> Test Driver | B21: =IFERROR(__xludf.DUMMYFUNCTION("""COMPUTED_VALUE"""),0.006944444444444444) -> 0.0069444444 | C21: =IFERROR(__xludf.DUMMYFUNCTION("""COMPUTED_VALUE"""),"FC3S (RX7)") -> FC3S (RX7) | E21: =IFERROR(__xludf.DUMMYFUNCTION("""COMPUTED_VALUE"""),"Test Driver") -> Test Driver | F21: =IFERROR(__xludf.DUMMYFUNCTION("""COMPUTED_VALUE"""),0.006944444444444444) -> 0.0069444444 | G21: =IFERROR(__xludf.DUMMYFUNCTION("""COMPUTED_VALUE"""),"S30Z(Nissan Fairlady Z/Devil Z)") -> S30Z(Nissan Fairlady Z/Devil Z) | Q21: =IFERROR(__xludf.DUMMYFUNCTION("""COMPUTED_VALUE"""),"richardyukiko") -> richardyukiko | R21: =IFERROR(__xludf.DUMMYFUNCTION("""COMPUTED_VALUE"""),0.0028493402777777775) -> 0.0028493403 | S21: =IFERROR(__xludf.DUMMYFUNCTION("""COMPUTED_VALUE"""),"Stinger") -> Stinger | T21: =IFERROR(__xludf.DUMMYFUNCTION("""COMPUTED_VALUE"""),"PC") -> PC
A22: =IFERROR(__xludf.DUMMYFUNCTION("""COMPUTED_VALUE"""),"Test Driver") -> Test Driver | B22: =IFERROR(__xludf.DUMMYFUNCTION("""COMPUTED_VALUE"""),0.006944444444444444) -> 0.0069444444 | C22: =IFERROR(__xludf.DUMMYFUNCTION("""COMPUTED_VALUE"""),"S14") -> S14 | E22: =IFERROR(__xludf.DUMMYFUNCTION("""COMPUTED_VALUE"""),"Test Driver") -> Test Driver | F22: =IFERROR(__xludf.DUMMYFUNCTION("""COMPUTED_VALUE"""),0.006944444444444444) -> 0.0069444444 | G22: =IFERROR(__xludf.DUMMYFUNCTION("""COMPUTED_VALUE"""),"GR86/ZN8") -> GR86/ZN8
A23: =IFERROR(__xludf.DUMMYFUNCTION("""COMPUTED_VALUE"""),"Test Driver") -> Test Driver | B23: =IFERROR(__xludf.DUMMYFUNCTION("""COMPUTED_VALUE"""),0.006944444444444444) -> 0.0069444444 | C23: =IFERROR(__xludf.DUMMYFUNCTION("""COMPUTED_VALUE"""),"Blackbird") -> Blackbird | E23: =IFERROR(__xludf.DUMMYFUNCTION("""COMPUTED_VALUE"""),"Test Driver") -> Test Driver | F23: =IFERROR(__xludf.DUMMYFUNCTION("""COMPUTED_VALUE"""),0.006944444444444444) -> 0.0069444444 | G23: =IFERROR(__xludf.DUMMYFUNCTION("""COMPUTED_VALUE"""),"GC8-F (Impreza)") -> GC8-F (Impreza)
A24: =IFERROR(__xludf.DUMMYFUNCTION("""COMPUTED_VALUE"""),"Test Driver") -> Test Driver | B24: =IFERROR(__xludf.DUMMYFUNCTION("""COMPUTED_VALUE"""),0.006944444444444444) -> 0.0069444444 | C24: =IFERROR(__xludf.DUMMYFUNCTION("""COMPUTED_VALUE"""),"DB42 (GR Supra)") -> DB42 (GR Supra) | E24: =IFERROR(__xludf.DUMMYFUNCTION("""COMPUTED_VALUE"""),"Test Driver") -> Test Driver | F24: =IFERROR(__xludf.DUMMYFUNCTION("""COMPUTED_VALUE"""),0.006944444444444444) -> 0.0069444444 | G24: =IFERROR(__xludf.DUMMYFUNCTION("""COMPUTED_VALUE"""),"FD3S (RX7)(TT)") -> FD3S (RX7)(TT)
A25: =IFERROR(__xludf.DUMMYFUNCTION("""COMPUTED_VALUE"""),"Test Driver") -> Test Driver | B25: =IFERROR(__xludf.DUMMYFUNCTION("""COMPUTED_VALUE"""),0.006944444444444444) -> 0.0069444444 | C25: =IFERROR(__xludf.DUMMYFUNCTION("""COMPUTED_VALUE"""),"SW20 (MR2)") -> SW20 (MR2) | E25: =IFERROR(__xludf.DUMMYFUNCTION("""COMPUTED_VALUE"""),"Test Driver") -> Test Driver | F25: =IFERROR(__xludf.DUMMYFUNCTION("""COMPUTED_VALUE"""),0.006944444444444444) -> 0.0069444444 | G25: =IFERROR(__xludf.DUMMYFUNCTION("""COMPUTED_VALUE"""),"EG6 (civic)") -> EG6 (civic) | I25: Momiji Downhill 紅葉坂/下行
A26: =IFERROR(__xludf.DUMMYFUNCTION("""COMPUTED_VALUE"""),"Test Driver") -> Test Driver | B26: =IFERROR(__xludf.DUMMYFUNCTION("""COMPUTED_VALUE"""),0.006944444444444444) -> 0.0069444444 | C26: =IFERROR(__xludf.DUMMYFUNCTION("""COMPUTED_VALUE"""),"180SX") -> 180SX | E26: =IFERROR(__xludf.DUMMYFUNCTION("""COMPUTED_VALUE"""),"Test Driver") -> Test Driver | F26: =IFERROR(__xludf.DUMMYFUNCTION("""COMPUTED_VALUE"""),0.006944444444444444) -> 0.0069444444 | G26: =IFERROR(__xludf.DUMMYFUNCTION("""COMPUTED_VALUE"""),"BNR32") -> BNR32 | I26: =IFERROR(__xludf.DUMMYFUNCTION("LET( 賽道, ""Momiji"", 路線, ""DH"", 系統, ""Cvs"", 原始, FILTER('歷史紀錄'!$E$2:$H1244, '歷史紀錄'!$B$2:$B1244=賽道, '歷史紀錄'!$C$2:$C1244=路線, '歷史紀錄'!$I$2:$I1244=系統), 排序後, SORT(原始, 2, TRUE), 車輛, INDEX(排序後,,3), 唯一車輛, UNIQUE(車輛), 結果, MAP(唯一車輛, LAMBDA(p, "&" INDEX(FILTER(排序後, INDEX(排序後,,3)=p),1,0) )), 表頭, {""Player玩家"",""Time時間"",""Car車種"",""Platform平台""}, VSTACK(表頭, 結果) ) "),"Player玩家") -> Player玩家 | J26: =IFERROR(__xludf.DUMMYFUNCTION("""COMPUTED_VALUE"""),"Time時間") -> Time時間 | K26: =IFERROR(__xludf.DUMMYFUNCTION("""COMPUTED_VALUE"""),"Car車種") -> Car車種 | L26: =IFERROR(__xludf.DUMMYFUNCTION("""COMPUTED_VALUE"""),"Platform平台") -> Platform平台 | M26: =IFERROR(__xludf.DUMMYFUNCTION("LET( 賽道, """", 路線, ""DH"", 系統, ""CVS"", 原始, FILTER('歷史紀錄'!$E$2:$H1244, '歷史紀錄'!$B18:$B1244=賽道, '歷史紀錄'!$C$2:$C1244=路線, '歷史紀錄'!$I$2:$I1244=系統), 排序後, SORT(原始, 2, TRUE), 車輛, INDEX(排序後,,3), 唯一車輛, UNIQUE(車輛), 結果, MAP(唯一車輛, LAMBDA(p, IND"&"EX(FILTER(排序後, INDEX(排序後,,3)=p),1,0) )), 表頭, {""Player玩家"",""Time時間"",""Car車種"",""Platform平台""}, VSTACK(表頭, 結果) ) "),"Player玩家") -> Player玩家 | N26: =IFERROR(__xludf.DUMMYFUNCTION("""COMPUTED_VALUE"""),"Time時間") -> Time時間 | O26: =IFERROR(__xludf.DUMMYFUNCTION("""COMPUTED_VALUE"""),"Car車種") -> Car車種 | P26: =IFERROR(__xludf.DUMMYFUNCTION("""COMPUTED_VALUE"""),"Platform平台") -> Platform平台
I27: =IFERROR(__xludf.DUMMYFUNCTION("""COMPUTED_VALUE"""),"Lolidia") -> Lolidia | J27: =IFERROR(__xludf.DUMMYFUNCTION("""COMPUTED_VALUE"""),0.0022057291666666666) -> 0.0022057292 | K27: =IFERROR(__xludf.DUMMYFUNCTION("""COMPUTED_VALUE"""),"Karin 96") -> Karin 96 | L27: =IFERROR(__xludf.DUMMYFUNCTION("""COMPUTED_VALUE"""),"PCVR") -> PCVR | M27: =IFERROR(__xludf.DUMMYFUNCTION("""COMPUTED_VALUE"""),"#N/A") -> #N/A | N27: =IFERROR(__xludf.DUMMYFUNCTION("""COMPUTED_VALUE"""),"#N/A") -> #N/A | O27: =IFERROR(__xludf.DUMMYFUNCTION("""COMPUTED_VALUE"""),"#N/A") -> #N/A | P27: =IFERROR(__xludf.DUMMYFUNCTION("""COMPUTED_VALUE"""),"#N/A") -> #N/A
I28: =IFERROR(__xludf.DUMMYFUNCTION("""COMPUTED_VALUE"""),"ねぎたま") -> ねぎたま | J28: =IFERROR(__xludf.DUMMYFUNCTION("""COMPUTED_VALUE"""),0.002222199074074074) -> 0.0022221991 | K28: =IFERROR(__xludf.DUMMYFUNCTION("""COMPUTED_VALUE"""),"X7 RR") -> X7 RR | L28: =IFERROR(__xludf.DUMMYFUNCTION("""COMPUTED_VALUE"""),"PCVR") -> PCVR
I29: =IFERROR(__xludf.DUMMYFUNCTION("""COMPUTED_VALUE"""),"BannRaven") -> BannRaven | J29: =IFERROR(__xludf.DUMMYFUNCTION("""COMPUTED_VALUE"""),0.002424664351851852) -> 0.0024246644 | K29: =IFERROR(__xludf.DUMMYFUNCTION("""COMPUTED_VALUE"""),"Revolution VIII") -> Revolution VIII | L29: =IFERROR(__xludf.DUMMYFUNCTION("""COMPUTED_VALUE"""),"PCVR") -> PCVR
I30: =IFERROR(__xludf.DUMMYFUNCTION("""COMPUTED_VALUE"""),"VRCGPaul") -> VRCGPaul | J30: =IFERROR(__xludf.DUMMYFUNCTION("""COMPUTED_VALUE"""),0.002528541666666667) -> 0.0025285417 | K30: =IFERROR(__xludf.DUMMYFUNCTION("""COMPUTED_VALUE"""),"Emrydes") -> Emrydes | L30: =IFERROR(__xludf.DUMMYFUNCTION("""COMPUTED_VALUE"""),"PCVR") -> PCVR
I31: =IFERROR(__xludf.DUMMYFUNCTION("""COMPUTED_VALUE"""),"LinWu_05") -> LinWu_05 | J31: =IFERROR(__xludf.DUMMYFUNCTION("""COMPUTED_VALUE"""),0.0029710763888888894) -> 0.0029710764 | K31: =IFERROR(__xludf.DUMMYFUNCTION("""COMPUTED_VALUE"""),"NA1 (NSX)") -> NA1 (NSX) | L31: =IFERROR(__xludf.DUMMYFUNCTION("""COMPUTED_VALUE"""),"PC") -> PC
A32: Akina UNLIMITED Downhill秋名 無限/下行 | E32: Akina UNLIMITED Uphill秋名 無限/上行 | I32: =IFERROR(__xludf.DUMMYFUNCTION("""COMPUTED_VALUE"""),"StarRiver Arts") -> StarRiver Arts | J32: =IFERROR(__xludf.DUMMYFUNCTION("""COMPUTED_VALUE"""),0.0031942476851851854) -> 0.0031942477 | K32: =IFERROR(__xludf.DUMMYFUNCTION("""COMPUTED_VALUE"""),"Highline TT") -> Highline TT | L32: =IFERROR(__xludf.DUMMYFUNCTION("""COMPUTED_VALUE"""),"PC") -> PC
A33: =IFERROR(__xludf.DUMMYFUNCTION("LET( 賽道, ""AkinaUN"", 路線, ""DH"", 系統, ""Sacc"", 原始, FILTER('歷史紀錄'!$E$2:$H1244, '歷史紀錄'!$B$2:$B1244=賽道, '歷史紀錄'!$C$2:$C1244=路線, '歷史紀錄'!$I$2:$I1244=系統), 排序後, SORT(原始, 2, TRUE), 車輛, INDEX(排序後,,3), 唯一車輛, UNIQUE(車輛), 結果, MAP(唯一車輛, LAMBDA(p, "&" INDEX(FILTER(排序後, INDEX(排序後,,3)=p),1,0) )), 表頭, {""Player玩家"",""Time時間"",""Car車種"",""Platform平台""}, VSTACK(表頭, 結果) ) "),"Player玩家") -> Player玩家 | B33: =IFERROR(__xludf.DUMMYFUNCTION("""COMPUTED_VALUE"""),"Time時間") -> Time時間 | C33: =IFERROR(__xludf.DUMMYFUNCTION("""COMPUTED_VALUE"""),"Car車種") -> Car車種 | D33: =IFERROR(__xludf.DUMMYFUNCTION("""COMPUTED_VALUE"""),"Platform平台") -> Platform平台 | E33: =IFERROR(__xludf.DUMMYFUNCTION("LET( 賽道, ""AkinaUN"", 路線, ""UH"", 系統, ""Sacc"", 原始, FILTER('歷史紀錄'!$E$2:$H1244, '歷史紀錄'!$B$2:$B1244=賽道, '歷史紀錄'!$C$2:$C1244=路線, '歷史紀錄'!$I$2:$I1244=系統), 排序後, SORT(原始, 2, TRUE), 車輛, INDEX(排序後,,3), 唯一車輛, UNIQUE(車輛), 結果, MAP(唯一車輛, LAMBDA(p, "&" INDEX(FILTER(排序後, INDEX(排序後,,3)=p),1,0) )), 表頭, {""Player玩家"",""Time時間"",""Car車種"",""Platform平台""}, VSTACK(表頭, 結果) ) "),"Player玩家") -> Player玩家 | F33: =IFERROR(__xludf.DUMMYFUNCTION("""COMPUTED_VALUE"""),"Time時間") -> Time時間 | G33: =IFERROR(__xludf.DUMMYFUNCTION("""COMPUTED_VALUE"""),"Car車種") -> Car車種 | H33: =IFERROR(__xludf.DUMMYFUNCTION("""COMPUTED_VALUE"""),"Platform平台") -> Platform平台 | I33: =IFERROR(__xludf.DUMMYFUNCTION("""COMPUTED_VALUE"""),"Test Driver") -> Test Driver | J33: =IFERROR(__xludf.DUMMYFUNCTION("""COMPUTED_VALUE"""),0.006944444444444444) -> 0.0069444444 | K33: =IFERROR(__xludf.DUMMYFUNCTION("""COMPUTED_VALUE"""),"Karin Saikou") -> Karin Saikou
A34: =IFERROR(__xludf.DUMMYFUNCTION("""COMPUTED_VALUE"""),"Lolidia") -> Lolidia | B34: =IFERROR(__xludf.DUMMYFUNCTION("""COMPUTED_VALUE"""),0.0025432175925925926) -> 0.0025432176 | C34: =IFERROR(__xludf.DUMMYFUNCTION("""COMPUTED_VALUE"""),"AE86T") -> AE86T | D34: =IFERROR(__xludf.DUMMYFUNCTION("""COMPUTED_VALUE"""),"PCVR") -> PCVR | E34: =IFERROR(__xludf.DUMMYFUNCTION("""COMPUTED_VALUE"""),"Test Driver") -> Test Driver | F34: =IFERROR(__xludf.DUMMYFUNCTION("""COMPUTED_VALUE"""),0.006944444444444444) -> 0.0069444444 | G34: =IFERROR(__xludf.DUMMYFUNCTION("""COMPUTED_VALUE"""),"AE86T-V2") -> AE86T-V2 | I34: =IFERROR(__xludf.DUMMYFUNCTION("""COMPUTED_VALUE"""),"Test Driver") -> Test Driver | J34: =IFERROR(__xludf.DUMMYFUNCTION("""COMPUTED_VALUE"""),0.006944444444444444) -> 0.0069444444 | K34: =IFERROR(__xludf.DUMMYFUNCTION("""COMPUTED_VALUE"""),"Highline T4") -> Highline T4
A35: =IFERROR(__xludf.DUMMYFUNCTION("""COMPUTED_VALUE"""),"ikuhopen") -> ikuhopen | B35: =IFERROR(__xludf.DUMMYFUNCTION("""COMPUTED_VALUE"""),0.0025631944444444448) -> 0.0025631944 | C35: =IFERROR(__xludf.DUMMYFUNCTION("""COMPUTED_VALUE"""),"GT86/ZN6") -> GT86/ZN6 | D35: =IFERROR(__xludf.DUMMYFUNCTION("""COMPUTED_VALUE"""),"PCVR") -> PCVR | E35: =IFERROR(__xludf.DUMMYFUNCTION("""COMPUTED_VALUE"""),"Test Driver") -> Test Driver | F35: =IFERROR(__xludf.DUMMYFUNCTION("""COMPUTED_VALUE"""),0.006944444444444444) -> 0.0069444444 | G35: =IFERROR(__xludf.DUMMYFUNCTION("""COMPUTED_VALUE"""),"GT86/ZN6") -> GT86/ZN6 | I35: =IFERROR(__xludf.DUMMYFUNCTION("""COMPUTED_VALUE"""),"Test Driver") -> Test Driver | J35: =IFERROR(__xludf.DUMMYFUNCTION("""COMPUTED_VALUE"""),0.006944444444444444) -> 0.0069444444 | K35: =IFERROR(__xludf.DUMMYFUNCTION("""COMPUTED_VALUE"""),"N2X (NSX)") -> N2X (NSX)
A36: =IFERROR(__xludf.DUMMYFUNCTION("""COMPUTED_VALUE"""),"StarRiver Arts") -> StarRiver Arts | B36: =IFERROR(__xludf.DUMMYFUNCTION("""COMPUTED_VALUE"""),0.0029052893518518516) -> 0.0029052894 | C36: =IFERROR(__xludf.DUMMYFUNCTION("""COMPUTED_VALUE"""),"Comfort") -> Comfort | D36: =IFERROR(__xludf.DUMMYFUNCTION("""COMPUTED_VALUE"""),"PC") -> PC | E36: =IFERROR(__xludf.DUMMYFUNCTION("""COMPUTED_VALUE"""),"Test Driver") -> Test Driver | F36: =IFERROR(__xludf.DUMMYFUNCTION("""COMPUTED_VALUE"""),0.006944444444444444) -> 0.0069444444 | G36: =IFERROR(__xludf.DUMMYFUNCTION("""COMPUTED_VALUE"""),"Comfort") -> Comfort | I36: =IFERROR(__xludf.DUMMYFUNCTION("""COMPUTED_VALUE"""),"Test Driver") -> Test Driver | J36: =IFERROR(__xludf.DUMMYFUNCTION("""COMPUTED_VALUE"""),0.006944444444444444) -> 0.0069444444 | K36: =IFERROR(__xludf.DUMMYFUNCTION("""COMPUTED_VALUE"""),"Highline T2") -> Highline T2
A37: =IFERROR(__xludf.DUMMYFUNCTION("""COMPUTED_VALUE"""),"StarRiver Arts") -> StarRiver Arts | B37: =IFERROR(__xludf.DUMMYFUNCTION("""COMPUTED_VALUE"""),0.0031464120370370374) -> 0.003146412 | C37: =IFERROR(__xludf.DUMMYFUNCTION("""COMPUTED_VALUE"""),"Benz S203") -> Benz S203 | D37: =IFERROR(__xludf.DUMMYFUNCTION("""COMPUTED_VALUE"""),"PC") -> PC | E37: =IFERROR(__xludf.DUMMYFUNCTION("""COMPUTED_VALUE"""),"Test Driver") -> Test Driver | F37: =IFERROR(__xludf.DUMMYFUNCTION("""COMPUTED_VALUE"""),0.006944444444444444) -> 0.0069444444 | G37: =IFERROR(__xludf.DUMMYFUNCTION("""COMPUTED_VALUE"""),"Benz S203") -> Benz S203 | I37: =IFERROR(__xludf.DUMMYFUNCTION("""COMPUTED_VALUE"""),"Test Driver") -> Test Driver | J37: =IFERROR(__xludf.DUMMYFUNCTION("""COMPUTED_VALUE"""),0.006944444444444444) -> 0.0069444444 | K37: =IFERROR(__xludf.DUMMYFUNCTION("""COMPUTED_VALUE"""),"Karin Saikou KRD") -> Karin Saikou KRD
A38: =IFERROR(__xludf.DUMMYFUNCTION("""COMPUTED_VALUE"""),"ZihChin") -> ZihChin | B38: =IFERROR(__xludf.DUMMYFUNCTION("""COMPUTED_VALUE"""),0.003164930555555556) -> 0.0031649306 | C38: =IFERROR(__xludf.DUMMYFUNCTION("""COMPUTED_VALUE"""),"HCR32") -> HCR32 | D38: =IFERROR(__xludf.DUMMYFUNCTION("""COMPUTED_VALUE"""),"PC") -> PC | E38: =IFERROR(__xludf.DUMMYFUNCTION("""COMPUTED_VALUE"""),"Test Driver") -> Test Driver | F38: =IFERROR(__xludf.DUMMYFUNCTION("""COMPUTED_VALUE"""),0.006944444444444444) -> 0.0069444444 | G38: =IFERROR(__xludf.DUMMYFUNCTION("""COMPUTED_VALUE"""),"HCR32") -> HCR32 | I38: =IFERROR(__xludf.DUMMYFUNCTION("""COMPUTED_VALUE"""),"Test Driver") -> Test Driver | J38: =IFERROR(__xludf.DUMMYFUNCTION("""COMPUTED_VALUE"""),0.006944444444444444) -> 0.0069444444 | K38: =IFERROR(__xludf.DUMMYFUNCTION("""COMPUTED_VALUE"""),"Kanjo9") -> Kanjo9
A39: =IFERROR(__xludf.DUMMYFUNCTION("""COMPUTED_VALUE"""),"Test Driver") -> Test Driver | B39: =IFERROR(__xludf.DUMMYFUNCTION("""COMPUTED_VALUE"""),0.006944444444444444) -> 0.0069444444 | C39: =IFERROR(__xludf.DUMMYFUNCTION("""COMPUTED_VALUE"""),"2000GT") -> 2000GT | E39: =IFERROR(__xludf.DUMMYFUNCTION("""COMPUTED_VALUE"""),"Test Driver") -> Test Driver | F39: =IFERROR(__xludf.DUMMYFUNCTION("""COMPUTED_VALUE"""),0.006944444444444444) -> 0.0069444444 | G39: =IFERROR(__xludf.DUMMYFUNCTION("""COMPUTED_VALUE"""),"2000GT") -> 2000GT | I39: =IFERROR(__xludf.DUMMYFUNCTION("""COMPUTED_VALUE"""),"Test Driver") -> Test Driver | J39: =IFERROR(__xludf.DUMMYFUNCTION("""COMPUTED_VALUE"""),0.006944444444444444) -> 0.0069444444 | K39: =IFERROR(__xludf.DUMMYFUNCTION("""COMPUTED_VALUE"""),"280xs(380SX)") -> 280xs(380SX)
A40: =IFERROR(__xludf.DUMMYFUNCTION("""COMPUTED_VALUE"""),"Test Driver") -> Test Driver | B40: =IFERROR(__xludf.DUMMYFUNCTION("""COMPUTED_VALUE"""),0.006944444444444444) -> 0.0069444444 | C40: =IFERROR(__xludf.DUMMYFUNCTION("""COMPUTED_VALUE"""),"NSX") -> NSX | E40: =IFERROR(__xludf.DUMMYFUNCTION("""COMPUTED_VALUE"""),"Test Driver") -> Test Driver | F40: =IFERROR(__xludf.DUMMYFUNCTION("""COMPUTED_VALUE"""),0.006944444444444444) -> 0.0069444444 | G40: =IFERROR(__xludf.DUMMYFUNCTION("""COMPUTED_VALUE"""),"NSX") -> NSX | I40: =IFERROR(__xludf.DUMMYFUNCTION("""COMPUTED_VALUE"""),"Test Driver") -> Test Driver | J40: =IFERROR(__xludf.DUMMYFUNCTION("""COMPUTED_VALUE"""),0.006944444444444444) -> 0.0069444444 | K40: =IFERROR(__xludf.DUMMYFUNCTION("""COMPUTED_VALUE"""),"Highline XL") -> Highline XL
A41: =IFERROR(__xludf.DUMMYFUNCTION("""COMPUTED_VALUE"""),"Test Driver") -> Test Driver | B41: =IFERROR(__xludf.DUMMYFUNCTION("""COMPUTED_VALUE"""),0.006944444444444444) -> 0.0069444444 | C41: =IFERROR(__xludf.DUMMYFUNCTION("""COMPUTED_VALUE"""),"Copen") -> Copen | E41: =IFERROR(__xludf.DUMMYFUNCTION("""COMPUTED_VALUE"""),"Test Driver") -> Test Driver | F41: =IFERROR(__xludf.DUMMYFUNCTION("""COMPUTED_VALUE"""),0.006944444444444444) -> 0.0069444444 | G41: =IFERROR(__xludf.DUMMYFUNCTION("""COMPUTED_VALUE"""),"Copen") -> Copen | I41: =IFERROR(__xludf.DUMMYFUNCTION("""COMPUTED_VALUE"""),"MrValentine") -> MrValentine | J41: =IFERROR(__xludf.DUMMYFUNCTION("""COMPUTED_VALUE"""),0.0078115393518518525) -> 0.0078115394 | K41: =IFERROR(__xludf.DUMMYFUNCTION("""COMPUTED_VALUE"""),"Comet Custom") -> Comet Custom | L41: =IFERROR(__xludf.DUMMYFUNCTION("""COMPUTED_VALUE"""),"PC") -> PC
A43: Myogi Downhill妙義/下行 (Arcade Stage) | E43: Myogi Uphill妙義/上行 (Arcade Stage)
A44: =IFERROR(__xludf.DUMMYFUNCTION("LET( 賽道, ""Myogi (ASV)"", 路線, ""DH"", 系統, ""Sacc"", 原始, FILTER('歷史紀錄'!$E$2:$H1244, '歷史紀錄'!$B$2:$B1244=賽道, '歷史紀錄'!$C$2:$C1244=路線, '歷史紀錄'!$I$2:$I1244=系統), 排序後, SORT(原始, 2, TRUE), 車輛, INDEX(排序後,,3), 唯一車輛, UNIQUE(車輛), 結果, MAP(唯一車輛, LAMBDA("&"p, INDEX(FILTER(排序後, INDEX(排序後,,3)=p),1,0) )), 表頭, {""Player玩家"",""Time時間"",""Car車種"",""Platform平台""}, VSTACK(表頭, 結果) ) "),"Player玩家") -> Player玩家 | B44: =IFERROR(__xludf.DUMMYFUNCTION("""COMPUTED_VALUE"""),"Time時間") -> Time時間 | C44: =IFERROR(__xludf.DUMMYFUNCTION("""COMPUTED_VALUE"""),"Car車種") -> Car車種 | D44: =IFERROR(__xludf.DUMMYFUNCTION("""COMPUTED_VALUE"""),"Platform平台") -> Platform平台 | E44: =IFERROR(__xludf.DUMMYFUNCTION("LET( 賽道, ""Myogi (ASV)"", 路線, ""UH"", 系統, ""Sacc"", 原始, FILTER('歷史紀錄'!$E$2:$H1244, '歷史紀錄'!$B$2:$B1244=賽道, '歷史紀錄'!$C$2:$C1244=路線, '歷史紀錄'!$I$2:$I1244=系統), 排序後, SORT(原始, 2, TRUE), 車輛, INDEX(排序後,,3), 唯一車輛, UNIQUE(車輛), 結果, MAP(唯一車輛, LAMBDA("&"p, INDEX(FILTER(排序後, INDEX(排序後,,3)=p),1,0) )), 表頭, {""Player玩家"",""Time時間"",""Car車種"",""Platform平台""}, VSTACK(表頭, 結果) ) "),"Player玩家") -> Player玩家 | F44: =IFERROR(__xludf.DUMMYFUNCTION("""COMPUTED_VALUE"""),"Time時間") -> Time時間 | G44: =IFERROR(__xludf.DUMMYFUNCTION("""COMPUTED_VALUE"""),"Car車種") -> Car車種 | H44: =IFERROR(__xludf.DUMMYFUNCTION("""COMPUTED_VALUE"""),"Platform平台") -> Platform平台
A45: =IFERROR(__xludf.DUMMYFUNCTION("""COMPUTED_VALUE"""),"Lolidia") -> Lolidia | B45: =IFERROR(__xludf.DUMMYFUNCTION("""COMPUTED_VALUE"""),0.002172326388888889) -> 0.0021723264 | C45: =IFERROR(__xludf.DUMMYFUNCTION("""COMPUTED_VALUE"""),"BNR32") -> BNR32 | D45: =IFERROR(__xludf.DUMMYFUNCTION("""COMPUTED_VALUE"""),"PCVR") -> PCVR | E45: =IFERROR(__xludf.DUMMYFUNCTION("""COMPUTED_VALUE"""),"StarRiver Arts") -> StarRiver Arts | F45: =IFERROR(__xludf.DUMMYFUNCTION("""COMPUTED_VALUE"""),0.002464525462962963) -> 0.0024645255 | G45: =IFERROR(__xludf.DUMMYFUNCTION("""COMPUTED_VALUE"""),"EVOVII/CT9A") -> EVOVII/CT9A | H45: =IFERROR(__xludf.DUMMYFUNCTION("""COMPUTED_VALUE"""),"PC") -> PC
A46: =IFERROR(__xludf.DUMMYFUNCTION("""COMPUTED_VALUE"""),"~Antidote~") -> ~Antidote~ | B46: =IFERROR(__xludf.DUMMYFUNCTION("""COMPUTED_VALUE"""),0.002233321759259259) -> 0.0022333218 | C46: =IFERROR(__xludf.DUMMYFUNCTION("""COMPUTED_VALUE"""),"EVOVII/CT9A") -> EVOVII/CT9A | D46: =IFERROR(__xludf.DUMMYFUNCTION("""COMPUTED_VALUE"""),"PCVR") -> PCVR | E46: =IFERROR(__xludf.DUMMYFUNCTION("""COMPUTED_VALUE"""),"LinWu_05") -> LinWu_05 | F46: =IFERROR(__xludf.DUMMYFUNCTION("""COMPUTED_VALUE"""),0.0024857407407407406) -> 0.0024857407 | G46: =IFERROR(__xludf.DUMMYFUNCTION("""COMPUTED_VALUE"""),"380SX") -> 380SX | H46: =IFERROR(__xludf.DUMMYFUNCTION("""COMPUTED_VALUE"""),"PC") -> PC
A47: =IFERROR(__xludf.DUMMYFUNCTION("""COMPUTED_VALUE"""),"Yune") -> Yune | B47: =IFERROR(__xludf.DUMMYFUNCTION("""COMPUTED_VALUE"""),0.002247222222222222) -> 0.0022472222 | C47: =IFERROR(__xludf.DUMMYFUNCTION("""COMPUTED_VALUE"""),"SilEighty") -> SilEighty | D47: =IFERROR(__xludf.DUMMYFUNCTION("""COMPUTED_VALUE"""),"PC") -> PC | E47: =IFERROR(__xludf.DUMMYFUNCTION("""COMPUTED_VALUE"""),"Test Driver") -> Test Driver | F47: =IFERROR(__xludf.DUMMYFUNCTION("""COMPUTED_VALUE"""),0.006944444444444444) -> 0.0069444444 | G47: =IFERROR(__xludf.DUMMYFUNCTION("""COMPUTED_VALUE"""),"BNR32") -> BNR32
A48: =IFERROR(__xludf.DUMMYFUNCTION("""COMPUTED_VALUE"""),"Kinokono_Tenka") -> Kinokono_Tenka | B48: =IFERROR(__xludf.DUMMYFUNCTION("""COMPUTED_VALUE"""),0.0022519675925925923) -> 0.0022519676 | C48: =IFERROR(__xludf.DUMMYFUNCTION("""COMPUTED_VALUE"""),"EG6 (civic)") -> EG6 (civic) | D48: =IFERROR(__xludf.DUMMYFUNCTION("""COMPUTED_VALUE"""),"PCVR") -> PCVR | E48: =IFERROR(__xludf.DUMMYFUNCTION("""COMPUTED_VALUE"""),"Test Driver") -> Test Driver | F48: =IFERROR(__xludf.DUMMYFUNCTION("""COMPUTED_VALUE"""),0.006944444444444444) -> 0.0069444444 | G48: =IFERROR(__xludf.DUMMYFUNCTION("""COMPUTED_VALUE"""),"EG6 (civic)") -> EG6 (civic)
A49: =IFERROR(__xludf.DUMMYFUNCTION("""COMPUTED_VALUE"""),"Yune") -> Yune | B49: =IFERROR(__xludf.DUMMYFUNCTION("""COMPUTED_VALUE"""),0.002291863425925926) -> 0.0022918634 | C49: =IFERROR(__xludf.DUMMYFUNCTION("""COMPUTED_VALUE"""),"FD3S (RX7)") -> FD3S (RX7) | D49: =IFERROR(__xludf.DUMMYFUNCTION("""COMPUTED_VALUE"""),"PC") -> PC | E49: =IFERROR(__xludf.DUMMYFUNCTION("""COMPUTED_VALUE"""),"Test Driver") -> Test Driver | F49: =IFERROR(__xludf.DUMMYFUNCTION("""COMPUTED_VALUE"""),0.006944444444444444) -> 0.0069444444 | G49: =IFERROR(__xludf.DUMMYFUNCTION("""COMPUTED_VALUE"""),"SilEighty") -> SilEighty
A50: =IFERROR(__xludf.DUMMYFUNCTION("""COMPUTED_VALUE"""),"ikuhopen") -> ikuhopen | B50: =IFERROR(__xludf.DUMMYFUNCTION("""COMPUTED_VALUE"""),0.0022929050925925925) -> 0.0022929051 | C50: =IFERROR(__xludf.DUMMYFUNCTION("""COMPUTED_VALUE"""),"S14Q") -> S14Q | D50: =IFERROR(__xludf.DUMMYFUNCTION("""COMPUTED_VALUE"""),"PC") -> PC | E50: =IFERROR(__xludf.DUMMYFUNCTION("""COMPUTED_VALUE"""),"Test Driver") -> Test Driver | F50: =IFERROR(__xludf.DUMMYFUNCTION("""COMPUTED_VALUE"""),0.006944444444444444) -> 0.0069444444 | G50: =IFERROR(__xludf.DUMMYFUNCTION("""COMPUTED_VALUE"""),"FD3S (RX7)") -> FD3S (RX7)
A51: =IFERROR(__xludf.DUMMYFUNCTION("""COMPUTED_VALUE"""),"LinWu_05") -> LinWu_05 | B51: =IFERROR(__xludf.DUMMYFUNCTION("""COMPUTED_VALUE"""),0.0023516666666666664) -> 0.0023516667 | C51: =IFERROR(__xludf.DUMMYFUNCTION("""COMPUTED_VALUE"""),"380SX") -> 380SX | D51: =IFERROR(__xludf.DUMMYFUNCTION("""COMPUTED_VALUE"""),"PC") -> PC | E51: =IFERROR(__xludf.DUMMYFUNCTION("""COMPUTED_VALUE"""),"Test Driver") -> Test Driver | F51: =IFERROR(__xludf.DUMMYFUNCTION("""COMPUTED_VALUE"""),0.006944444444444444) -> 0.0069444444 | G51: =IFERROR(__xludf.DUMMYFUNCTION("""COMPUTED_VALUE"""),"S14Q") -> S14Q
A52: =IFERROR(__xludf.DUMMYFUNCTION("""COMPUTED_VALUE"""),"Yuanji Deca") -> Yuanji Deca | B52: =IFERROR(__xludf.DUMMYFUNCTION("""COMPUTED_VALUE"""),0.0024362615740740738) -> 0.0024362616 | C52: =IFERROR(__xludf.DUMMYFUNCTION("""COMPUTED_VALUE"""),"EVOIV/CN9A") -> EVOIV/CN9A | D52: =IFERROR(__xludf.DUMMYFUNCTION("""COMPUTED_VALUE"""),"PC") -> PC | E52: =IFERROR(__xludf.DUMMYFUNCTION("""COMPUTED_VALUE"""),"Test Driver") -> Test Driver | F52: =IFERROR(__xludf.DUMMYFUNCTION("""COMPUTED_VALUE"""),0.006944444444444444) -> 0.0069444444 | G52: =IFERROR(__xludf.DUMMYFUNCTION("""COMPUTED_VALUE"""),"EVOIV/CN9A") -> EVOIV/CN9A
A53: =IFERROR(__xludf.DUMMYFUNCTION("""COMPUTED_VALUE"""),"Yuanji Deca") -> Yuanji Deca | B53: =IFERROR(__xludf.DUMMYFUNCTION("""COMPUTED_VALUE"""),0.0030103009259259254) -> 0.0030103009 | C53: =IFERROR(__xludf.DUMMYFUNCTION("""COMPUTED_VALUE"""),"RPS13 (180SX)") -> RPS13 (180SX) | D53: =IFERROR(__xludf.DUMMYFUNCTION("""COMPUTED_VALUE"""),"PC") -> PC | E53: =IFERROR(__xludf.DUMMYFUNCTION("""COMPUTED_VALUE"""),"Test Driver") -> Test Driver | F53: =IFERROR(__xludf.DUMMYFUNCTION("""COMPUTED_VALUE"""),0.006944444444444444) -> 0.0069444444 | G53: =IFERROR(__xludf.DUMMYFUNCTION("""COMPUTED_VALUE"""),"RPS13 (180SX)") -> RPS13 (180SX)
I57: Aiden1408 CVS系統 | Q57: 作者：K̶a̶u̶b̶e̶r̶u̶ CVS
I58: Silverstone 銀石F1 | M58: LasVegas 拉斯維加斯F1 | Q58: Usui DAA Counter Clockwise 碓冰/逆向
I59: =IFERROR(__xludf.DUMMYFUNCTION("LET( 賽道, ""Silverstone"", 路線, """", 系統, ""Cvs"", 原始, FILTER('歷史紀錄'!$E$2:$H1244, '歷史紀錄'!$B$2:$B1244=賽道, '歷史紀錄'!$C$2:$C1244=路線, '歷史紀錄'!$I$2:$I1244=系統), 排序後, SORT(原始, 2, TRUE), 車輛, INDEX(排序後,,3), 唯一車輛, UNIQUE(車輛), 結果, MAP(唯一車輛, LAMBDA(p, "&" INDEX(FILTER(排序後, INDEX(排序後,,3)=p),1,0) )), 表頭, {""Player玩家"",""Time時間"",""Car車種"",""Platform平台""}, VSTACK(表頭, 結果) ) "),"Player玩家") -> Player玩家 | J59: =IFERROR(__xludf.DUMMYFUNCTION("""COMPUTED_VALUE"""),"Time時間") -> Time時間 | K59: =IFERROR(__xludf.DUMMYFUNCTION("""COMPUTED_VALUE"""),"Car車種") -> Car車種 | L59: =IFERROR(__xludf.DUMMYFUNCTION("""COMPUTED_VALUE"""),"Platform平台") -> Platform平台 | M59: =IFERROR(__xludf.DUMMYFUNCTION("LET( 賽道, ""LasVegas"", 路線, """", 系統, ""Cvs"", 原始, FILTER('歷史紀錄'!$E$2:$H1244, '歷史紀錄'!$B$2:$B1244=賽道, '歷史紀錄'!$C$2:$C1244=路線, '歷史紀錄'!$I$2:$I1244=系統), 排序後, SORT(原始, 2, TRUE), 車輛, INDEX(排序後,,3), 唯一車輛, UNIQUE(車輛), 結果, MAP(唯一車輛, LAMBDA(p, "&" INDEX(FILTER(排序後, INDEX(排序後,,3)=p),1,0) )), 表頭, {""Player玩家"",""Time時間"",""Car車種"",""Platform平台""}, VSTACK(表頭, 結果) ) "),"Player玩家") -> Player玩家 | N59: =IFERROR(__xludf.DUMMYFUNCTION("""COMPUTED_VALUE"""),"Time時間") -> Time時間 | O59: =IFERROR(__xludf.DUMMYFUNCTION("""COMPUTED_VALUE"""),"Car車種") -> Car車種 | P59: =IFERROR(__xludf.DUMMYFUNCTION("""COMPUTED_VALUE"""),"Platform平台") -> Platform平台 | Q59: =IFERROR(__xludf.DUMMYFUNCTION("LET( 賽道, ""UsuiDAA"", 路線, ""CC"", 系統, ""Cvs"", 原始, FILTER('歷史紀錄'!$E$2:$H1244, '歷史紀錄'!$B$2:$B1244=賽道, '歷史紀錄'!$C$2:$C1244=路線, '歷史紀錄'!$I$2:$I1244=系統), 排序後, SORT(原始, 2, TRUE), 車輛, INDEX(排序後,,3), 唯一車輛, UNIQUE(車輛), 結果, MAP(唯一車輛, LAMBDA(p, "&" INDEX(FILTER(排序後, INDEX(排序後,,3)=p),1,0) )), 表頭, {""Player玩家"",""Time時間"",""Car車種"",""Platform平台""}, VSTACK(表頭, 結果) ) "),"Player玩家") -> Player玩家 | R59: =IFERROR(__xludf.DUMMYFUNCTION("""COMPUTED_VALUE"""),"Time時間") -> Time時間 | S59: =IFERROR(__xludf.DUMMYFUNCTION("""COMPUTED_VALUE"""),"Car車種") -> Car車種 | T59: =IFERROR(__xludf.DUMMYFUNCTION("""COMPUTED_VALUE"""),"Platform平台") -> Platform平台
I60: =IFERROR(__xludf.DUMMYFUNCTION("""COMPUTED_VALUE"""),"BannRaven") -> BannRaven | J60: =IFERROR(__xludf.DUMMYFUNCTION("""COMPUTED_VALUE"""),8.630787037037036E-4) -> 0.0008630787 | K60: =IFERROR(__xludf.DUMMYFUNCTION("""COMPUTED_VALUE"""),"rb21(RedBull)") -> rb21(RedBull) | L60: =IFERROR(__xludf.DUMMYFUNCTION("""COMPUTED_VALUE"""),"PCVR") -> PCVR | M60: =IFERROR(__xludf.DUMMYFUNCTION("""COMPUTED_VALUE"""),"VRCGPaul") -> VRCGPaul | N60: =IFERROR(__xludf.DUMMYFUNCTION("""COMPUTED_VALUE"""),0.0010448842592592593) -> 0.0010448843 | O60: =IFERROR(__xludf.DUMMYFUNCTION("""COMPUTED_VALUE"""),"mcl39(McLaren)") -> mcl39(McLaren) | P60: =IFERROR(__xludf.DUMMYFUNCTION("""COMPUTED_VALUE"""),"PCVR") -> PCVR | Q60: =IFERROR(__xludf.DUMMYFUNCTION("""COMPUTED_VALUE"""),"ねぎたま") -> ねぎたま | R60: =IFERROR(__xludf.DUMMYFUNCTION("""COMPUTED_VALUE"""),0.0012375578703703704) -> 0.0012375579 | S60: =IFERROR(__xludf.DUMMYFUNCTION("""COMPUTED_VALUE"""),"R34") -> R34 | T60: =IFERROR(__xludf.DUMMYFUNCTION("""COMPUTED_VALUE"""),"PCVR") -> PCVR
A61: Irohazaka Downhill伊呂波坂/下行 | I61: =IFERROR(__xludf.DUMMYFUNCTION("""COMPUTED_VALUE"""),"羽沫嫇夏") -> 羽沫嫇夏 | J61: =IFERROR(__xludf.DUMMYFUNCTION("""COMPUTED_VALUE"""),8.64837962962963E-4) -> 0.00086483796 | K61: =IFERROR(__xludf.DUMMYFUNCTION("""COMPUTED_VALUE"""),"c45(KickSauber)") -> c45(KickSauber) | L61: =IFERROR(__xludf.DUMMYFUNCTION("""COMPUTED_VALUE"""),"PCVR") -> PCVR | M61: =IFERROR(__xludf.DUMMYFUNCTION("""COMPUTED_VALUE"""),"Azucia") -> Azucia | N61: =IFERROR(__xludf.DUMMYFUNCTION("""COMPUTED_VALUE"""),0.0016032754629629628) -> 0.0016032755 | O61: =IFERROR(__xludf.DUMMYFUNCTION("""COMPUTED_VALUE"""),"w16(Mercedes)") -> w16(Mercedes) | P61: =IFERROR(__xludf.DUMMYFUNCTION("""COMPUTED_VALUE"""),"PCVR") -> PCVR | Q61: =IFERROR(__xludf.DUMMYFUNCTION("""COMPUTED_VALUE"""),"StarRiver Arts") -> StarRiver Arts | R61: =IFERROR(__xludf.DUMMYFUNCTION("""COMPUTED_VALUE"""),0.0012741087962962964) -> 0.0012741088 | S61: =IFERROR(__xludf.DUMMYFUNCTION("""COMPUTED_VALUE"""),"BMW CS") -> BMW CS | T61: =IFERROR(__xludf.DUMMYFUNCTION("""COMPUTED_VALUE"""),"PC") -> PC
A62: =IFERROR(__xludf.DUMMYFUNCTION("LET( 賽道, ""Irohazaka"", 路線, ""DH"", 系統, ""Sacc"", 原始, FILTER('歷史紀錄'!$E$2:$H1244, '歷史紀錄'!$B$2:$B1244=賽道, '歷史紀錄'!$C$2:$C1244=路線, '歷史紀錄'!$I$2:$I1244=系統), 排序後, SORT(原始, 2, TRUE), 車輛, INDEX(排序後,,3), 唯一車輛, UNIQUE(車輛), 結果, MAP(唯一車輛, LAMBDA(p,"&" INDEX(FILTER(排序後, INDEX(排序後,,3)=p),1,0) )), 表頭, {""Player玩家"",""Time時間"",""Car車種"",""Platform平台""}, VSTACK(表頭, 結果) ) "),"Player玩家") -> Player玩家 | B62: =IFERROR(__xludf.DUMMYFUNCTION("""COMPUTED_VALUE"""),"Time時間") -> Time時間 | C62: =IFERROR(__xludf.DUMMYFUNCTION("""COMPUTED_VALUE"""),"Car車種") -> Car車種 | D62: =IFERROR(__xludf.DUMMYFUNCTION("""COMPUTED_VALUE"""),"Platform平台") -> Platform平台 | I62: =IFERROR(__xludf.DUMMYFUNCTION("""COMPUTED_VALUE"""),"Hayasaka_Ishimi") -> Hayasaka_Ishimi | J62: =IFERROR(__xludf.DUMMYFUNCTION("""COMPUTED_VALUE"""),8.842592592592592E-4) -> 0.00088425926 | K62: =IFERROR(__xludf.DUMMYFUNCTION("""COMPUTED_VALUE"""),"sf25(Ferrari)") -> sf25(Ferrari) | L62: =IFERROR(__xludf.DUMMYFUNCTION("""COMPUTED_VALUE"""),"PCVR") -> PCVR | M62: =IFERROR(__xludf.DUMMYFUNCTION("""COMPUTED_VALUE"""),"StarRiver Arts") -> StarRiver Arts | N62: =IFERROR(__xludf.DUMMYFUNCTION("""COMPUTED_VALUE"""),0.0019336458333333334) -> 0.0019336458 | O62: =IFERROR(__xludf.DUMMYFUNCTION("""COMPUTED_VALUE"""),"sf25(Ferrari)") -> sf25(Ferrari) | P62: =IFERROR(__xludf.DUMMYFUNCTION("""COMPUTED_VALUE"""),"PC") -> PC | Q62: =IFERROR(__xludf.DUMMYFUNCTION("""COMPUTED_VALUE"""),"StarRiver Arts") -> StarRiver Arts | R62: =IFERROR(__xludf.DUMMYFUNCTION("""COMPUTED_VALUE"""),0.0016533564814814813) -> 0.0016533565 | S62: =IFERROR(__xludf.DUMMYFUNCTION("""COMPUTED_VALUE"""),"GT86") -> GT86 | T62: =IFERROR(__xludf.DUMMYFUNCTION("""COMPUTED_VALUE"""),"PC") -> PC
A63: =IFERROR(__xludf.DUMMYFUNCTION("""COMPUTED_VALUE"""),"Lolidia") -> Lolidia | B63: =IFERROR(__xludf.DUMMYFUNCTION("""COMPUTED_VALUE"""),0.002450613425925926) -> 0.0024506134 | C63: =IFERROR(__xludf.DUMMYFUNCTION("""COMPUTED_VALUE"""),"AE86T") -> AE86T | D63: =IFERROR(__xludf.DUMMYFUNCTION("""COMPUTED_VALUE"""),"PCVR") -> PCVR | I63: =IFERROR(__xludf.DUMMYFUNCTION("""COMPUTED_VALUE"""),"windnight5") -> windnight5 | J63: =IFERROR(__xludf.DUMMYFUNCTION("""COMPUTED_VALUE"""),8.942592592592591E-4) -> 0.00089425926 | K63: =IFERROR(__xludf.DUMMYFUNCTION("""COMPUTED_VALUE"""),"e45") -> e45 | L63: =IFERROR(__xludf.DUMMYFUNCTION("""COMPUTED_VALUE"""),"PCVR") -> PCVR
A64: =IFERROR(__xludf.DUMMYFUNCTION("""COMPUTED_VALUE"""),"Yune") -> Yune | B64: =IFERROR(__xludf.DUMMYFUNCTION("""COMPUTED_VALUE"""),0.002516875) -> 0.002516875 | C64: =IFERROR(__xludf.DUMMYFUNCTION("""COMPUTED_VALUE"""),"SilEighty") -> SilEighty | D64: =IFERROR(__xludf.DUMMYFUNCTION("""COMPUTED_VALUE"""),"PC") -> PC | I64: =IFERROR(__xludf.DUMMYFUNCTION("""COMPUTED_VALUE"""),"windnight5") -> windnight5 | J64: =IFERROR(__xludf.DUMMYFUNCTION("""COMPUTED_VALUE"""),9.09050925925926E-4) -> 0.00090905093 | K64: =IFERROR(__xludf.DUMMYFUNCTION("""COMPUTED_VALUE"""),"mcl39(McLaren)") -> mcl39(McLaren) | L64: =IFERROR(__xludf.DUMMYFUNCTION("""COMPUTED_VALUE"""),"PCVR") -> PCVR
A65: =IFERROR(__xludf.DUMMYFUNCTION("""COMPUTED_VALUE"""),"StarRiver Arts") -> StarRiver Arts | B65: =IFERROR(__xludf.DUMMYFUNCTION("""COMPUTED_VALUE"""),0.0025451273148148147) -> 0.0025451273 | C65: =IFERROR(__xludf.DUMMYFUNCTION("""COMPUTED_VALUE"""),"GC8-F (Impreza)") -> GC8-F (Impreza) | D65: =IFERROR(__xludf.DUMMYFUNCTION("""COMPUTED_VALUE"""),"PC") -> PC | I65: =IFERROR(__xludf.DUMMYFUNCTION("""COMPUTED_VALUE"""),"Hayasaka_Ishimi") -> Hayasaka_Ishimi | J65: =IFERROR(__xludf.DUMMYFUNCTION("""COMPUTED_VALUE"""),9.220717592592593E-4) -> 0.00092207176 | K65: =IFERROR(__xludf.DUMMYFUNCTION("""COMPUTED_VALUE"""),"w16(Mercedes)") -> w16(Mercedes) | L65: =IFERROR(__xludf.DUMMYFUNCTION("""COMPUTED_VALUE"""),"PCVR") -> PCVR
A66: =IFERROR(__xludf.DUMMYFUNCTION("""COMPUTED_VALUE"""),"菲娜 希琉絲") -> 菲娜 希琉絲 | B66: =IFERROR(__xludf.DUMMYFUNCTION("""COMPUTED_VALUE"""),0.0025714699074074073) -> 0.0025714699 | C66: =IFERROR(__xludf.DUMMYFUNCTION("""COMPUTED_VALUE"""),"FD3S (RX7)(TT)") -> FD3S (RX7)(TT) | D66: =IFERROR(__xludf.DUMMYFUNCTION("""COMPUTED_VALUE"""),"PCVR") -> PCVR | I66: =IFERROR(__xludf.DUMMYFUNCTION("""COMPUTED_VALUE"""),"不會玩遊戲的屑") -> 不會玩遊戲的屑 | J66: =IFERROR(__xludf.DUMMYFUNCTION("""COMPUTED_VALUE"""),0.0012483101851851852) -> 0.0012483102 | K66: =IFERROR(__xludf.DUMMYFUNCTION("""COMPUTED_VALUE"""),"amr25(AstonMartin)") -> amr25(AstonMartin) | L66: =IFERROR(__xludf.DUMMYFUNCTION("""COMPUTED_VALUE"""),"PCVR") -> PCVR
A67: =IFERROR(__xludf.DUMMYFUNCTION("""COMPUTED_VALUE"""),"Rushia Angel") -> Rushia Angel | B67: =IFERROR(__xludf.DUMMYFUNCTION("""COMPUTED_VALUE"""),0.002593229166666667) -> 0.0025932292 | C67: =IFERROR(__xludf.DUMMYFUNCTION("""COMPUTED_VALUE"""),"SW20 (MR2)") -> SW20 (MR2) | D67: =IFERROR(__xludf.DUMMYFUNCTION("""COMPUTED_VALUE"""),"PC") -> PC
A68: =IFERROR(__xludf.DUMMYFUNCTION("""COMPUTED_VALUE"""),"アビドサスヒカリ") -> アビドサスヒカリ | B68: =IFERROR(__xludf.DUMMYFUNCTION("""COMPUTED_VALUE"""),0.002640046296296296) -> 0.0026400463 | C68: =IFERROR(__xludf.DUMMYFUNCTION("""COMPUTED_VALUE"""),"EVOIII/CE9A") -> EVOIII/CE9A | D68: =IFERROR(__xludf.DUMMYFUNCTION("""COMPUTED_VALUE"""),"PC") -> PC
A69: =IFERROR(__xludf.DUMMYFUNCTION("""COMPUTED_VALUE"""),"StarRiver Arts") -> StarRiver Arts | B69: =IFERROR(__xludf.DUMMYFUNCTION("""COMPUTED_VALUE"""),0.002828321759259259) -> 0.0028283218 | C69: =IFERROR(__xludf.DUMMYFUNCTION("""COMPUTED_VALUE"""),"EVOIV/CN9A") -> EVOIV/CN9A | D69: =IFERROR(__xludf.DUMMYFUNCTION("""COMPUTED_VALUE"""),"PC") -> PC
A70: =IFERROR(__xludf.DUMMYFUNCTION("""COMPUTED_VALUE"""),"StarRiver Arts") -> StarRiver Arts | B70: =IFERROR(__xludf.DUMMYFUNCTION("""COMPUTED_VALUE"""),0.0033628472222222224) -> 0.0033628472 | C70: =IFERROR(__xludf.DUMMYFUNCTION("""COMPUTED_VALUE"""),"FD3S (RX7)") -> FD3S (RX7) | D70: =IFERROR(__xludf.DUMMYFUNCTION("""COMPUTED_VALUE"""),"PC") -> PC
I71: Monaco 摩納哥F1 | M71: 紐柏林(紐北)
I72: =IFERROR(__xludf.DUMMYFUNCTION("LET( 賽道, ""Monaco"", 路線, """", 系統, ""Cvs"", 原始, FILTER('歷史紀錄'!$E$2:$H1244, '歷史紀錄'!$B$2:$B1244=賽道, '歷史紀錄'!$C$2:$C1244=路線, '歷史紀錄'!$I$2:$I1244=系統), 排序後, SORT(原始, 2, TRUE), 車輛, INDEX(排序後,,3), 唯一車輛, UNIQUE(車輛), 結果, MAP(唯一車輛, LAMBDA(p, "&" INDEX(FILTER(排序後, INDEX(排序後,,3)=p),1,0) )), 表頭, {""Player玩家"",""Time時間"",""Car車種"",""Platform平台""}, VSTACK(表頭, 結果) ) "),"Player玩家") -> Player玩家 | J72: =IFERROR(__xludf.DUMMYFUNCTION("""COMPUTED_VALUE"""),"Time時間") -> Time時間 | K72: =IFERROR(__xludf.DUMMYFUNCTION("""COMPUTED_VALUE"""),"Car車種") -> Car車種 | L72: =IFERROR(__xludf.DUMMYFUNCTION("""COMPUTED_VALUE"""),"Platform平台") -> Platform平台 | M72: =IFERROR(__xludf.DUMMYFUNCTION("LET( 賽道, ""Nurburgring"", 路線, ""Nord"", 系統, ""Cvs"", 原始, FILTER('歷史紀錄'!$E$2:$H1244, '歷史紀錄'!$B$2:$B1244=賽道, '歷史紀錄'!$C$2:$C1244=路線, '歷史紀錄'!$I$2:$I1244=系統), 排序後, SORT(原始, 2, TRUE), 車輛, INDEX(排序後,,3), 唯一車輛, UNIQUE(車輛), 結果, MAP(唯一車輛, LAMBDA"&"(p, INDEX(FILTER(排序後, INDEX(排序後,,3)=p),1,0) )), 表頭, {""Player玩家"",""Time時間"",""Car車種"",""Platform平台""}, VSTACK(表頭, 結果) ) "),"Player玩家") -> Player玩家 | N72: =IFERROR(__xludf.DUMMYFUNCTION("""COMPUTED_VALUE"""),"Time時間") -> Time時間 | O72: =IFERROR(__xludf.DUMMYFUNCTION("""COMPUTED_VALUE"""),"Car車種") -> Car車種 | P72: =IFERROR(__xludf.DUMMYFUNCTION("""COMPUTED_VALUE"""),"Platform平台") -> Platform平台
I73: =IFERROR(__xludf.DUMMYFUNCTION("""COMPUTED_VALUE"""),"ねぎたま") -> ねぎたま | J73: =IFERROR(__xludf.DUMMYFUNCTION("""COMPUTED_VALUE"""),7.215740740740741E-4) -> 0.00072157407 | K73: =IFERROR(__xludf.DUMMYFUNCTION("""COMPUTED_VALUE"""),"rb21(RedBull)") -> rb21(RedBull) | L73: =IFERROR(__xludf.DUMMYFUNCTION("""COMPUTED_VALUE"""),"PCVR") -> PCVR | M73: =IFERROR(__xludf.DUMMYFUNCTION("""COMPUTED_VALUE"""),"BannRaven") -> BannRaven | N73: =IFERROR(__xludf.DUMMYFUNCTION("""COMPUTED_VALUE"""),0.005019456018518519) -> 0.005019456 | O73: =IFERROR(__xludf.DUMMYFUNCTION("""COMPUTED_VALUE"""),"NA1 (NSX)") -> NA1 (NSX) | P73: =IFERROR(__xludf.DUMMYFUNCTION("""COMPUTED_VALUE"""),"PCVR") -> PCVR
A74: Myogi Circuit Clockwise 妙義環線/順行 | E74: Myogi Circuit Counter-Clockwise 妙義環線/逆行 | I74: =IFERROR(__xludf.DUMMYFUNCTION("""COMPUTED_VALUE"""),"ねぎたま") -> ねぎたま | J74: =IFERROR(__xludf.DUMMYFUNCTION("""COMPUTED_VALUE"""),7.236226851851852E-4) -> 0.00072362269 | K74: =IFERROR(__xludf.DUMMYFUNCTION("""COMPUTED_VALUE"""),"mcl39(McLaren)") -> mcl39(McLaren) | L74: =IFERROR(__xludf.DUMMYFUNCTION("""COMPUTED_VALUE"""),"PCVR") -> PCVR | M74: =IFERROR(__xludf.DUMMYFUNCTION("""COMPUTED_VALUE"""),"StarRiver Arts") -> StarRiver Arts | N74: =IFERROR(__xludf.DUMMYFUNCTION("""COMPUTED_VALUE"""),0.0062355324074074075) -> 0.0062355324 | O74: =IFERROR(__xludf.DUMMYFUNCTION("""COMPUTED_VALUE"""),"R35") -> R35 | P74: =IFERROR(__xludf.DUMMYFUNCTION("""COMPUTED_VALUE"""),"PC") -> PC
A75: =IFERROR(__xludf.DUMMYFUNCTION("LET( 賽道, ""Myogi(CC)"", 路線, ""CW"", 系統, ""Sacc"", 原始, FILTER('歷史紀錄'!$E$2:$H1244, '歷史紀錄'!$B$2:$B1244=賽道, '歷史紀錄'!$C$2:$C1244=路線, '歷史紀錄'!$I$2:$I1244=系統), 排序後, SORT(原始, 2, TRUE), 車輛, INDEX(排序後,,3), 唯一車輛, UNIQUE(車輛), 結果, MAP(唯一車輛, LAMBDA(p,"&" INDEX(FILTER(排序後, INDEX(排序後,,3)=p),1,0) )), 表頭, {""Player玩家"",""Time時間"",""Car車種"",""Platform平台""}, VSTACK(表頭, 結果) ) "),"Player玩家") -> Player玩家 | B75: =IFERROR(__xludf.DUMMYFUNCTION("""COMPUTED_VALUE"""),"Time時間") -> Time時間 | C75: =IFERROR(__xludf.DUMMYFUNCTION("""COMPUTED_VALUE"""),"Car車種") -> Car車種 | D75: =IFERROR(__xludf.DUMMYFUNCTION("""COMPUTED_VALUE"""),"Platform平台") -> Platform平台 | E75: =IFERROR(__xludf.DUMMYFUNCTION("LET( 賽道, ""Myogi(CC)"", 路線, ""CC"", 系統, ""Sacc"", 原始, FILTER('歷史紀錄'!$E$2:$H1244, '歷史紀錄'!$B$2:$B1244=賽道, '歷史紀錄'!$C$2:$C1244=路線, '歷史紀錄'!$I$2:$I1244=系統), 排序後, SORT(原始, 2, TRUE), 車輛, INDEX(排序後,,3), 唯一車輛, UNIQUE(車輛), 結果, MAP(唯一車輛, LAMBDA(p,"&" INDEX(FILTER(排序後, INDEX(排序後,,3)=p),1,0) )), 表頭, {""Player玩家"",""Time時間"",""Car車種"",""Platform平台""}, VSTACK(表頭, 結果) ) "),"Player玩家") -> Player玩家 | F75: =IFERROR(__xludf.DUMMYFUNCTION("""COMPUTED_VALUE"""),"Time時間") -> Time時間 | G75: =IFERROR(__xludf.DUMMYFUNCTION("""COMPUTED_VALUE"""),"Car車種") -> Car車種 | H75: =IFERROR(__xludf.DUMMYFUNCTION("""COMPUTED_VALUE"""),"Platform平台") -> Platform平台 | I75: =IFERROR(__xludf.DUMMYFUNCTION("""COMPUTED_VALUE"""),"ねぎたま") -> ねぎたま | J75: =IFERROR(__xludf.DUMMYFUNCTION("""COMPUTED_VALUE"""),7.299305555555556E-4) -> 0.00072993056 | K75: =IFERROR(__xludf.DUMMYFUNCTION("""COMPUTED_VALUE"""),"w16(Mercedes)") -> w16(Mercedes) | L75: =IFERROR(__xludf.DUMMYFUNCTION("""COMPUTED_VALUE"""),"PCVR") -> PCVR | M75: =IFERROR(__xludf.DUMMYFUNCTION("""COMPUTED_VALUE"""),"Test Driver") -> Test Driver | N75: =IFERROR(__xludf.DUMMYFUNCTION("""COMPUTED_VALUE"""),0.006944444444444444) -> 0.0069444444 | O75: =IFERROR(__xludf.DUMMYFUNCTION("""COMPUTED_VALUE"""),"992(911 GT3)") -> 992(911 GT3)
A76: =IFERROR(__xludf.DUMMYFUNCTION("""COMPUTED_VALUE"""),"Kinokono_Tenka") -> Kinokono_Tenka | B76: =IFERROR(__xludf.DUMMYFUNCTION("""COMPUTED_VALUE"""),0.002265289351851852) -> 0.0022652894 | C76: =IFERROR(__xludf.DUMMYFUNCTION("""COMPUTED_VALUE"""),"EG6 (civic)") -> EG6 (civic) | D76: =IFERROR(__xludf.DUMMYFUNCTION("""COMPUTED_VALUE"""),"PCVR") -> PCVR | E76: =IFERROR(__xludf.DUMMYFUNCTION("""COMPUTED_VALUE"""),"Redfrogss") -> Redfrogss | F76: =IFERROR(__xludf.DUMMYFUNCTION("""COMPUTED_VALUE"""),0.0022780555555555557) -> 0.0022780556 | G76: =IFERROR(__xludf.DUMMYFUNCTION("""COMPUTED_VALUE"""),"S13") -> S13 | H76: =IFERROR(__xludf.DUMMYFUNCTION("""COMPUTED_VALUE"""),"PCVR") -> PCVR | I76: =IFERROR(__xludf.DUMMYFUNCTION("""COMPUTED_VALUE"""),"ねぎたま") -> ねぎたま | J76: =IFERROR(__xludf.DUMMYFUNCTION("""COMPUTED_VALUE"""),7.344328703703704E-4) -> 0.00073443287 | K76: =IFERROR(__xludf.DUMMYFUNCTION("""COMPUTED_VALUE"""),"sf25(Ferrari)") -> sf25(Ferrari) | L76: =IFERROR(__xludf.DUMMYFUNCTION("""COMPUTED_VALUE"""),"PCVR") -> PCVR | M76: =IFERROR(__xludf.DUMMYFUNCTION("""COMPUTED_VALUE"""),"Test Driver") -> Test Driver | N76: =IFERROR(__xludf.DUMMYFUNCTION("""COMPUTED_VALUE"""),0.006944444444444444) -> 0.0069444444 | O76: =IFERROR(__xludf.DUMMYFUNCTION("""COMPUTED_VALUE"""),"NSX ") -> NSX
A77: =IFERROR(__xludf.DUMMYFUNCTION("""COMPUTED_VALUE"""),"StarRiver Arts") -> StarRiver Arts | B77: =IFERROR(__xludf.DUMMYFUNCTION("""COMPUTED_VALUE"""),0.0022710300925925927) -> 0.0022710301 | C77: =IFERROR(__xludf.DUMMYFUNCTION("""COMPUTED_VALUE"""),"S13") -> S13 | D77: =IFERROR(__xludf.DUMMYFUNCTION("""COMPUTED_VALUE"""),"PC") -> PC | E77: =IFERROR(__xludf.DUMMYFUNCTION("""COMPUTED_VALUE"""),"Kinokono_Tenka") -> Kinokono_Tenka | F77: =IFERROR(__xludf.DUMMYFUNCTION("""COMPUTED_VALUE"""),0.0023177546296296292) -> 0.0023177546 | G77: =IFERROR(__xludf.DUMMYFUNCTION("""COMPUTED_VALUE"""),"EG6 (civic)") -> EG6 (civic) | H77: =IFERROR(__xludf.DUMMYFUNCTION("""COMPUTED_VALUE"""),"PCVR") -> PCVR | M77: =IFERROR(__xludf.DUMMYFUNCTION("""COMPUTED_VALUE"""),"Test Driver") -> Test Driver | N77: =IFERROR(__xludf.DUMMYFUNCTION("""COMPUTED_VALUE"""),0.006944444444444444) -> 0.0069444444 | O77: =IFERROR(__xludf.DUMMYFUNCTION("""COMPUTED_VALUE"""),"M4 akrapovic") -> M4 akrapovic
A78: =IFERROR(__xludf.DUMMYFUNCTION("""COMPUTED_VALUE"""),"LinWu_05") -> LinWu_05 | B78: =IFERROR(__xludf.DUMMYFUNCTION("""COMPUTED_VALUE"""),0.002429976851851852) -> 0.0024299769 | C78: =IFERROR(__xludf.DUMMYFUNCTION("""COMPUTED_VALUE"""),"BNR32") -> BNR32 | D78: =IFERROR(__xludf.DUMMYFUNCTION("""COMPUTED_VALUE"""),"PC") -> PC | E78: =IFERROR(__xludf.DUMMYFUNCTION("""COMPUTED_VALUE"""),"StarRiver Arts") -> StarRiver Arts | F78: =IFERROR(__xludf.DUMMYFUNCTION("""COMPUTED_VALUE"""),0.0023960300925925924) -> 0.0023960301 | G78: =IFERROR(__xludf.DUMMYFUNCTION("""COMPUTED_VALUE"""),"BNR32") -> BNR32 | H78: =IFERROR(__xludf.DUMMYFUNCTION("""COMPUTED_VALUE"""),"PC") -> PC | M78: =IFERROR(__xludf.DUMMYFUNCTION("""COMPUTED_VALUE"""),"Test Driver") -> Test Driver | N78: =IFERROR(__xludf.DUMMYFUNCTION("""COMPUTED_VALUE"""),0.006944444444444444) -> 0.0069444444 | O78: =IFERROR(__xludf.DUMMYFUNCTION("""COMPUTED_VALUE"""),"Nvision74") -> Nvision74
A79: =IFERROR(__xludf.DUMMYFUNCTION("""COMPUTED_VALUE"""),"Test Driver") -> Test Driver | B79: =IFERROR(__xludf.DUMMYFUNCTION("""COMPUTED_VALUE"""),0.006944444444444444) -> 0.0069444444 | C79: =IFERROR(__xludf.DUMMYFUNCTION("""COMPUTED_VALUE"""),"180SX") -> 180SX | E79: =IFERROR(__xludf.DUMMYFUNCTION("""COMPUTED_VALUE"""),"StarRiver Arts") -> StarRiver Arts | F79: =IFERROR(__xludf.DUMMYFUNCTION("""COMPUTED_VALUE"""),0.002621331018518519) -> 0.002621331 | G79: =IFERROR(__xludf.DUMMYFUNCTION("""COMPUTED_VALUE"""),"GC8-G (Impreza)") -> GC8-G (Impreza) | H79: =IFERROR(__xludf.DUMMYFUNCTION("""COMPUTED_VALUE"""),"PC") -> PC | M79: =IFERROR(__xludf.DUMMYFUNCTION("""COMPUTED_VALUE"""),"Test Driver") -> Test Driver | N79: =IFERROR(__xludf.DUMMYFUNCTION("""COMPUTED_VALUE"""),0.006944444444444444) -> 0.0069444444 | O79: =IFERROR(__xludf.DUMMYFUNCTION("""COMPUTED_VALUE"""),"GR86/ZN8 ") -> GR86/ZN8
A80: =IFERROR(__xludf.DUMMYFUNCTION("""COMPUTED_VALUE"""),"Test Driver") -> Test Driver | B80: =IFERROR(__xludf.DUMMYFUNCTION("""COMPUTED_VALUE"""),0.006944444444444444) -> 0.0069444444 | C80: =IFERROR(__xludf.DUMMYFUNCTION("""COMPUTED_VALUE"""),"AE85") -> AE85 | E80: =IFERROR(__xludf.DUMMYFUNCTION("""COMPUTED_VALUE"""),"Test Driver") -> Test Driver | F80: =IFERROR(__xludf.DUMMYFUNCTION("""COMPUTED_VALUE"""),0.006944444444444444) -> 0.0069444444 | G80: =IFERROR(__xludf.DUMMYFUNCTION("""COMPUTED_VALUE"""),"180SX") -> 180SX
A81: =IFERROR(__xludf.DUMMYFUNCTION("""COMPUTED_VALUE"""),"Test Driver") -> Test Driver | B81: =IFERROR(__xludf.DUMMYFUNCTION("""COMPUTED_VALUE"""),0.006944444444444444) -> 0.0069444444 | C81: =IFERROR(__xludf.DUMMYFUNCTION("""COMPUTED_VALUE"""),"S14") -> S14 | E81: =IFERROR(__xludf.DUMMYFUNCTION("""COMPUTED_VALUE"""),"Test Driver") -> Test Driver | F81: =IFERROR(__xludf.DUMMYFUNCTION("""COMPUTED_VALUE"""),0.006944444444444444) -> 0.0069444444 | G81: =IFERROR(__xludf.DUMMYFUNCTION("""COMPUTED_VALUE"""),"AE85") -> AE85
A82: =IFERROR(__xludf.DUMMYFUNCTION("""COMPUTED_VALUE"""),"Test Driver") -> Test Driver | B82: =IFERROR(__xludf.DUMMYFUNCTION("""COMPUTED_VALUE"""),0.006944444444444444) -> 0.0069444444 | C82: =IFERROR(__xludf.DUMMYFUNCTION("""COMPUTED_VALUE"""),"GDB-F (Impreza WRX STi)") -> GDB-F (Impreza WRX STi) | E82: =IFERROR(__xludf.DUMMYFUNCTION("""COMPUTED_VALUE"""),"Test Driver") -> Test Driver | F82: =IFERROR(__xludf.DUMMYFUNCTION("""COMPUTED_VALUE"""),0.006944444444444444) -> 0.0069444444 | G82: =IFERROR(__xludf.DUMMYFUNCTION("""COMPUTED_VALUE"""),"S14") -> S14 | I82: 紐柏林(GP)
A83: =IFERROR(__xludf.DUMMYFUNCTION("""COMPUTED_VALUE"""),"Test Driver") -> Test Driver | B83: =IFERROR(__xludf.DUMMYFUNCTION("""COMPUTED_VALUE"""),0.006944444444444444) -> 0.0069444444 | C83: =IFERROR(__xludf.DUMMYFUNCTION("""COMPUTED_VALUE"""),"GC8-G (Impreza)") -> GC8-G (Impreza) | E83: =IFERROR(__xludf.DUMMYFUNCTION("""COMPUTED_VALUE"""),"Test Driver") -> Test Driver | F83: =IFERROR(__xludf.DUMMYFUNCTION("""COMPUTED_VALUE"""),0.006944444444444444) -> 0.0069444444 | G83: =IFERROR(__xludf.DUMMYFUNCTION("""COMPUTED_VALUE"""),"GDB-F (Impreza WRX STi)") -> GDB-F (Impreza WRX STi) | I83: =IFERROR(__xludf.DUMMYFUNCTION("LET( 賽道, ""Nurburgring"", 路線, ""GP"", 系統, ""Cvs"", 原始, FILTER('歷史紀錄'!$E$2:$H1244, '歷史紀錄'!$B$2:$B1244=賽道, '歷史紀錄'!$C$2:$C1244=路線, '歷史紀錄'!$I$2:$I1244=系統), 排序後, SORT(原始, 2, TRUE), 車輛, INDEX(排序後,,3), 唯一車輛, UNIQUE(車輛), 結果, MAP(唯一車輛, LAMBDA(p"&", INDEX(FILTER(排序後, INDEX(排序後,,3)=p),1,0) )), 表頭, {""Player玩家"",""Time時間"",""Car車種"",""Platform平台""}, VSTACK(表頭, 結果) ) "),"Player玩家") -> Player玩家 | J83: =IFERROR(__xludf.DUMMYFUNCTION("""COMPUTED_VALUE"""),"Time時間") -> Time時間 | K83: =IFERROR(__xludf.DUMMYFUNCTION("""COMPUTED_VALUE"""),"Car車種") -> Car車種 | L83: =IFERROR(__xludf.DUMMYFUNCTION("""COMPUTED_VALUE"""),"Platform平台") -> Platform平台
I84: =IFERROR(__xludf.DUMMYFUNCTION("""COMPUTED_VALUE"""),"StarRiver Arts") -> StarRiver Arts | J84: =IFERROR(__xludf.DUMMYFUNCTION("""COMPUTED_VALUE"""),0.0016525810185185185) -> 0.001652581 | K84: =IFERROR(__xludf.DUMMYFUNCTION("""COMPUTED_VALUE"""),"R35") -> R35 | L84: =IFERROR(__xludf.DUMMYFUNCTION("""COMPUTED_VALUE"""),"PC") -> PC
A85: Akagi Downhill赤城/下行 | E85: Akagi Uphill赤城/上行 | I85: =IFERROR(__xludf.DUMMYFUNCTION("""COMPUTED_VALUE"""),"Too突突兔To") -> Too突突兔To | J85: =IFERROR(__xludf.DUMMYFUNCTION("""COMPUTED_VALUE"""),0.0018237268518518518) -> 0.0018237269 | K85: =IFERROR(__xludf.DUMMYFUNCTION("""COMPUTED_VALUE"""),"992(911 GT3)") -> 992(911 GT3) | L85: =IFERROR(__xludf.DUMMYFUNCTION("""COMPUTED_VALUE"""),"PCVR") -> PCVR
A86: =IFERROR(__xludf.DUMMYFUNCTION("LET( 賽道, ""Akagi"", 路線, ""DH"", 系統, ""Sacc"", 原始, FILTER('歷史紀錄'!$E$2:$H1244, '歷史紀錄'!$B$2:$B1244=賽道, '歷史紀錄'!$C$2:$C1244=路線, '歷史紀錄'!$I$2:$I1244=系統), 排序後, SORT(原始, 2, TRUE), 車輛, INDEX(排序後,,3), 唯一車輛, UNIQUE(車輛), 結果, MAP(唯一車輛, LAMBDA(p, "&" INDEX(FILTER(排序後, INDEX(排序後,,3)=p),1,0) )), 表頭, {""Player玩家"",""Time時間"",""Car車種"",""Platform平台""}, VSTACK(表頭, 結果) ) "),"Player玩家") -> Player玩家 | B86: =IFERROR(__xludf.DUMMYFUNCTION("""COMPUTED_VALUE"""),"Time時間") -> Time時間 | C86: =IFERROR(__xludf.DUMMYFUNCTION("""COMPUTED_VALUE"""),"Car車種") -> Car車種 | D86: =IFERROR(__xludf.DUMMYFUNCTION("""COMPUTED_VALUE"""),"Platform平台") -> Platform平台 | E86: =IFERROR(__xludf.DUMMYFUNCTION("LET( 賽道, ""Akagi"", 路線, ""UH"", 系統, ""Sacc"", 原始, FILTER('歷史紀錄'!$E$2:$H1244, '歷史紀錄'!$B$2:$B1244=賽道, '歷史紀錄'!$C$2:$C1244=路線, '歷史紀錄'!$I$2:$I1244=系統), 排序後, SORT(原始, 2, TRUE), 車輛, INDEX(排序後,,3), 唯一車輛, UNIQUE(車輛), 結果, MAP(唯一車輛, LAMBDA(p, "&" INDEX(FILTER(排序後, INDEX(排序後,,3)=p),1,0) )), 表頭, {""Player玩家"",""Time時間"",""Car車種"",""Platform平台""}, VSTACK(表頭, 結果) ) "),"Player玩家") -> Player玩家 | F86: =IFERROR(__xludf.DUMMYFUNCTION("""COMPUTED_VALUE"""),"Time時間") -> Time時間 | G86: =IFERROR(__xludf.DUMMYFUNCTION("""COMPUTED_VALUE"""),"Car車種") -> Car車種 | H86: =IFERROR(__xludf.DUMMYFUNCTION("""COMPUTED_VALUE"""),"Platform平台") -> Platform平台 | I86: =IFERROR(__xludf.DUMMYFUNCTION("""COMPUTED_VALUE"""),"Test Driver") -> Test Driver | J86: =IFERROR(__xludf.DUMMYFUNCTION("""COMPUTED_VALUE"""),0.006944444444444444) -> 0.0069444444 | K86: =IFERROR(__xludf.DUMMYFUNCTION("""COMPUTED_VALUE"""),"NSX ") -> NSX
A87: =IFERROR(__xludf.DUMMYFUNCTION("""COMPUTED_VALUE"""),"Lolidia") -> Lolidia | B87: =IFERROR(__xludf.DUMMYFUNCTION("""COMPUTED_VALUE"""),0.002051909722222222) -> 0.0020519097 | C87: =IFERROR(__xludf.DUMMYFUNCTION("""COMPUTED_VALUE"""),"FD3S (RX7) V2") -> FD3S (RX7) V2 | D87: =IFERROR(__xludf.DUMMYFUNCTION("""COMPUTED_VALUE"""),"PCVR") -> PCVR | E87: =IFERROR(__xludf.DUMMYFUNCTION("""COMPUTED_VALUE"""),"Redfrogss") -> Redfrogss | F87: =IFERROR(__xludf.DUMMYFUNCTION("""COMPUTED_VALUE"""),0.002389363425925926) -> 0.0023893634 | G87: =IFERROR(__xludf.DUMMYFUNCTION("""COMPUTED_VALUE"""),"FD3S (RX7) V2 ") -> FD3S (RX7) V2 | H87: =IFERROR(__xludf.DUMMYFUNCTION("""COMPUTED_VALUE"""),"PCVR") -> PCVR | I87: =IFERROR(__xludf.DUMMYFUNCTION("""COMPUTED_VALUE"""),"Test Driver") -> Test Driver | J87: =IFERROR(__xludf.DUMMYFUNCTION("""COMPUTED_VALUE"""),0.006944444444444444) -> 0.0069444444 | K87: =IFERROR(__xludf.DUMMYFUNCTION("""COMPUTED_VALUE"""),"M4 akrapovic") -> M4 akrapovic
A88: =IFERROR(__xludf.DUMMYFUNCTION("""COMPUTED_VALUE"""),"Redfrogss") -> Redfrogss | B88: =IFERROR(__xludf.DUMMYFUNCTION("""COMPUTED_VALUE"""),0.002204675925925926) -> 0.0022046759 | C88: =IFERROR(__xludf.DUMMYFUNCTION("""COMPUTED_VALUE"""),"FD3S (RX7) V2 ") -> FD3S (RX7) V2 | D88: =IFERROR(__xludf.DUMMYFUNCTION("""COMPUTED_VALUE"""),"PCVR") -> PCVR | E88: =IFERROR(__xludf.DUMMYFUNCTION("""COMPUTED_VALUE"""),"Test Driver") -> Test Driver | F88: =IFERROR(__xludf.DUMMYFUNCTION("""COMPUTED_VALUE"""),0.006944444444444444) -> 0.0069444444 | G88: =IFERROR(__xludf.DUMMYFUNCTION("""COMPUTED_VALUE"""),"FC3S (RX7)") -> FC3S (RX7) | I88: =IFERROR(__xludf.DUMMYFUNCTION("""COMPUTED_VALUE"""),"Test Driver") -> Test Driver | J88: =IFERROR(__xludf.DUMMYFUNCTION("""COMPUTED_VALUE"""),0.006944444444444444) -> 0.0069444444 | K88: =IFERROR(__xludf.DUMMYFUNCTION("""COMPUTED_VALUE"""),"Nvision74") -> Nvision74
A89: =IFERROR(__xludf.DUMMYFUNCTION("""COMPUTED_VALUE"""),"StarRiver Arts") -> StarRiver Arts | B89: =IFERROR(__xludf.DUMMYFUNCTION("""COMPUTED_VALUE"""),0.0023354513888888886) -> 0.0023354514 | C89: =IFERROR(__xludf.DUMMYFUNCTION("""COMPUTED_VALUE"""),"AE86T-V2") -> AE86T-V2 | D89: =IFERROR(__xludf.DUMMYFUNCTION("""COMPUTED_VALUE"""),"PC") -> PC | E89: =IFERROR(__xludf.DUMMYFUNCTION("""COMPUTED_VALUE"""),"Test Driver") -> Test Driver | F89: =IFERROR(__xludf.DUMMYFUNCTION("""COMPUTED_VALUE"""),0.006944444444444444) -> 0.0069444444 | G89: =IFERROR(__xludf.DUMMYFUNCTION("""COMPUTED_VALUE"""),"AE86T-V2") -> AE86T-V2 | I89: =IFERROR(__xludf.DUMMYFUNCTION("""COMPUTED_VALUE"""),"Test Driver") -> Test Driver | J89: =IFERROR(__xludf.DUMMYFUNCTION("""COMPUTED_VALUE"""),0.006944444444444444) -> 0.0069444444 | K89: =IFERROR(__xludf.DUMMYFUNCTION("""COMPUTED_VALUE"""),"GR86/ZN8 ") -> GR86/ZN8
A90: =IFERROR(__xludf.DUMMYFUNCTION("""COMPUTED_VALUE"""),"アビドサスヒカリ") -> アビドサスヒカリ | B90: =IFERROR(__xludf.DUMMYFUNCTION("""COMPUTED_VALUE"""),0.002350821759259259) -> 0.0023508218 | C90: =IFERROR(__xludf.DUMMYFUNCTION("""COMPUTED_VALUE"""),"EVOIII/CE9A") -> EVOIII/CE9A | D90: =IFERROR(__xludf.DUMMYFUNCTION("""COMPUTED_VALUE"""),"PCVR") -> PCVR | E90: =IFERROR(__xludf.DUMMYFUNCTION("""COMPUTED_VALUE"""),"Test Driver") -> Test Driver | F90: =IFERROR(__xludf.DUMMYFUNCTION("""COMPUTED_VALUE"""),0.006944444444444444) -> 0.0069444444 | G90: =IFERROR(__xludf.DUMMYFUNCTION("""COMPUTED_VALUE"""),"AE86L-V2") -> AE86L-V2
A91: =IFERROR(__xludf.DUMMYFUNCTION("""COMPUTED_VALUE"""),"Yuanji Deca") -> Yuanji Deca | B91: =IFERROR(__xludf.DUMMYFUNCTION("""COMPUTED_VALUE"""),0.0026181481481481485) -> 0.0026181481 | C91: =IFERROR(__xludf.DUMMYFUNCTION("""COMPUTED_VALUE"""),"DB42 (GR Supra)") -> DB42 (GR Supra) | D91: =IFERROR(__xludf.DUMMYFUNCTION("""COMPUTED_VALUE"""),"PC") -> PC | E91: =IFERROR(__xludf.DUMMYFUNCTION("""COMPUTED_VALUE"""),"Test Driver") -> Test Driver | F91: =IFERROR(__xludf.DUMMYFUNCTION("""COMPUTED_VALUE"""),0.006944444444444444) -> 0.0069444444 | G91: =IFERROR(__xludf.DUMMYFUNCTION("""COMPUTED_VALUE"""),"GT86/ZN6") -> GT86/ZN6
A92: =IFERROR(__xludf.DUMMYFUNCTION("""COMPUTED_VALUE"""),"Sakanakokokoko") -> Sakanakokokoko | B92: =IFERROR(__xludf.DUMMYFUNCTION("""COMPUTED_VALUE"""),0.0028111458333333335) -> 0.0028111458 | C92: =IFERROR(__xludf.DUMMYFUNCTION("""COMPUTED_VALUE"""),"S14Q") -> S14Q | D92: =IFERROR(__xludf.DUMMYFUNCTION("""COMPUTED_VALUE"""),"PC") -> PC | E92: =IFERROR(__xludf.DUMMYFUNCTION("""COMPUTED_VALUE"""),"Test Driver") -> Test Driver | F92: =IFERROR(__xludf.DUMMYFUNCTION("""COMPUTED_VALUE"""),0.006944444444444444) -> 0.0069444444 | G92: =IFERROR(__xludf.DUMMYFUNCTION("""COMPUTED_VALUE"""),"180SX") -> 180SX
A93: =IFERROR(__xludf.DUMMYFUNCTION("""COMPUTED_VALUE"""),"StarRiver Arts") -> StarRiver Arts | B93: =IFERROR(__xludf.DUMMYFUNCTION("""COMPUTED_VALUE"""),0.006944444444444444) -> 0.0069444444 | C93: =IFERROR(__xludf.DUMMYFUNCTION("""COMPUTED_VALUE"""),"FC3S (RX7)") -> FC3S (RX7) | D93: =IFERROR(__xludf.DUMMYFUNCTION("""COMPUTED_VALUE"""),"PC") -> PC | E93: =IFERROR(__xludf.DUMMYFUNCTION("""COMPUTED_VALUE"""),"Test Driver") -> Test Driver | F93: =IFERROR(__xludf.DUMMYFUNCTION("""COMPUTED_VALUE"""),0.006944444444444444) -> 0.0069444444 | G93: =IFERROR(__xludf.DUMMYFUNCTION("""COMPUTED_VALUE"""),"S13") -> S13 | I93: 未歸類 CVS系統 | Q93: ひそう_hi50u CVS系統
A94: =IFERROR(__xludf.DUMMYFUNCTION("""COMPUTED_VALUE"""),"Test Driver") -> Test Driver | B94: =IFERROR(__xludf.DUMMYFUNCTION("""COMPUTED_VALUE"""),0.006944444444444444) -> 0.0069444444 | C94: =IFERROR(__xludf.DUMMYFUNCTION("""COMPUTED_VALUE"""),"AE86L-V2") -> AE86L-V2 | E94: =IFERROR(__xludf.DUMMYFUNCTION("""COMPUTED_VALUE"""),"Test Driver") -> Test Driver | F94: =IFERROR(__xludf.DUMMYFUNCTION("""COMPUTED_VALUE"""),0.006944444444444444) -> 0.0069444444 | G94: =IFERROR(__xludf.DUMMYFUNCTION("""COMPUTED_VALUE"""),"EVOIV/CN9A") -> EVOIV/CN9A | I94: Kamidomarizaka神留坂/下行 | M94: Futatsukane Lake Around Pass 雙葉湖外周道 | Q94: 筑和山 CVS2
A95: =IFERROR(__xludf.DUMMYFUNCTION("""COMPUTED_VALUE"""),"Test Driver") -> Test Driver | B95: =IFERROR(__xludf.DUMMYFUNCTION("""COMPUTED_VALUE"""),0.006944444444444444) -> 0.0069444444 | C95: =IFERROR(__xludf.DUMMYFUNCTION("""COMPUTED_VALUE"""),"GT86/ZN6") -> GT86/ZN6 | E95: =IFERROR(__xludf.DUMMYFUNCTION("""COMPUTED_VALUE"""),"Test Driver") -> Test Driver | F95: =IFERROR(__xludf.DUMMYFUNCTION("""COMPUTED_VALUE"""),0.006944444444444444) -> 0.0069444444 | G95: =IFERROR(__xludf.DUMMYFUNCTION("""COMPUTED_VALUE"""),"FD3S (RX7)(ST)") -> FD3S (RX7)(ST) | I95: =IFERROR(__xludf.DUMMYFUNCTION("LET( 賽道, ""Kamidomarizaka"", 路線, ""DH"", 系統, ""Cvs"", 原始, FILTER('歷史紀錄'!$E$2:$H1244, '歷史紀錄'!$B$2:$B1244=賽道, '歷史紀錄'!$C$2:$C1244=路線, '歷史紀錄'!$I$2:$I1244=系統), 排序後, SORT(原始, 2, TRUE), 車輛, INDEX(排序後,,3), 唯一車輛, UNIQUE(車輛), 結果, MAP(唯一車輛, LAMBD"&"A(p, INDEX(FILTER(排序後, INDEX(排序後,,3)=p),1,0) )), 表頭, {""Player玩家"",""Time時間"",""Car車種"",""Platform平台""}, VSTACK(表頭, 結果) ) "),"Player玩家") -> Player玩家 | J95: =IFERROR(__xludf.DUMMYFUNCTION("""COMPUTED_VALUE"""),"Time時間") -> Time時間 | K95: =IFERROR(__xludf.DUMMYFUNCTION("""COMPUTED_VALUE"""),"Car車種") -> Car車種 | L95: =IFERROR(__xludf.DUMMYFUNCTION("""COMPUTED_VALUE"""),"Platform平台") -> Platform平台 | M95: =IFERROR(__xludf.DUMMYFUNCTION("LET( 賽道, ""Futatsukane"", 路線, ""CC"", 系統, ""Cvs"", 原始, FILTER('歷史紀錄'!$E$2:$H1244, '歷史紀錄'!$B$2:$B1244=賽道, '歷史紀錄'!$C$2:$C1244=路線, '歷史紀錄'!$I$2:$I1244=系統), 排序後, SORT(原始, 2, TRUE), 車輛, INDEX(排序後,,3), 唯一車輛, UNIQUE(車輛), 結果, MAP(唯一車輛, LAMBDA(p"&", INDEX(FILTER(排序後, INDEX(排序後,,3)=p),1,0) )), 表頭, {""Player玩家"",""Time時間"",""Car車種"",""Platform平台""}, VSTACK(表頭, 結果) ) "),"Player玩家") -> Player玩家 | N95: =IFERROR(__xludf.DUMMYFUNCTION("""COMPUTED_VALUE"""),"Time時間") -> Time時間 | O95: =IFERROR(__xludf.DUMMYFUNCTION("""COMPUTED_VALUE"""),"Car車種") -> Car車種 | P95: =IFERROR(__xludf.DUMMYFUNCTION("""COMPUTED_VALUE"""),"Platform平台") -> Platform平台 | Q95: =IFERROR(__xludf.DUMMYFUNCTION("LET( 賽道, ""Chikuyasan"", 路線, """", 系統, ""Cvs"", 原始, FILTER('歷史紀錄'!$E$2:$H1244, '歷史紀錄'!$B$2:$B1244=賽道, '歷史紀錄'!$C$2:$C1244=路線, '歷史紀錄'!$I$2:$I1244=系統), 排序後, SORT(原始, 2, TRUE), 車輛, INDEX(排序後,,3), 唯一車輛, UNIQUE(車輛), 結果, MAP(唯一車輛, LAMBDA(p, "&" INDEX(FILTER(排序後, INDEX(排序後,,3)=p),1,0) )), 表頭, {""Player玩家"",""Time時間"",""Car車種"",""Platform平台""}, VSTACK(表頭, 結果) ) "),"Player玩家") -> Player玩家 | R95: =IFERROR(__xludf.DUMMYFUNCTION("""COMPUTED_VALUE"""),"Time時間") -> Time時間 | S95: =IFERROR(__xludf.DUMMYFUNCTION("""COMPUTED_VALUE"""),"Car車種") -> Car車種 | T95: =IFERROR(__xludf.DUMMYFUNCTION("""COMPUTED_VALUE"""),"Platform平台") -> Platform平台
A96: =IFERROR(__xludf.DUMMYFUNCTION("""COMPUTED_VALUE"""),"Test Driver") -> Test Driver | B96: =IFERROR(__xludf.DUMMYFUNCTION("""COMPUTED_VALUE"""),0.006944444444444444) -> 0.0069444444 | C96: =IFERROR(__xludf.DUMMYFUNCTION("""COMPUTED_VALUE"""),"180SX") -> 180SX | E96: =IFERROR(__xludf.DUMMYFUNCTION("""COMPUTED_VALUE"""),"Test Driver") -> Test Driver | F96: =IFERROR(__xludf.DUMMYFUNCTION("""COMPUTED_VALUE"""),0.006944444444444444) -> 0.0069444444 | G96: =IFERROR(__xludf.DUMMYFUNCTION("""COMPUTED_VALUE"""),"FD3S (RX7)") -> FD3S (RX7) | I96: =IFERROR(__xludf.DUMMYFUNCTION("""COMPUTED_VALUE"""),"BannRaven") -> BannRaven | J96: =IFERROR(__xludf.DUMMYFUNCTION("""COMPUTED_VALUE"""),0.0015639004629629631) -> 0.0015639005 | K96: =IFERROR(__xludf.DUMMYFUNCTION("""COMPUTED_VALUE"""),"NSX") -> NSX | L96: =IFERROR(__xludf.DUMMYFUNCTION("""COMPUTED_VALUE"""),"PCVR") -> PCVR | M96: =IFERROR(__xludf.DUMMYFUNCTION("""COMPUTED_VALUE"""),"redfrogss") -> redfrogss | N96: =IFERROR(__xludf.DUMMYFUNCTION("""COMPUTED_VALUE"""),0.0032091087962962963) -> 0.0032091088 | O96: =IFERROR(__xludf.DUMMYFUNCTION("""COMPUTED_VALUE"""),"Wonder-ATTACK-1") -> Wonder-ATTACK-1 | P96: =IFERROR(__xludf.DUMMYFUNCTION("""COMPUTED_VALUE"""),"PCVR") -> PCVR | Q96: =IFERROR(__xludf.DUMMYFUNCTION("""COMPUTED_VALUE"""),"BannRaven") -> BannRaven | R96: =IFERROR(__xludf.DUMMYFUNCTION("""COMPUTED_VALUE"""),0.0017595833333333333) -> 0.0017595833 | S96: =IFERROR(__xludf.DUMMYFUNCTION("""COMPUTED_VALUE"""),"VRR250R") -> VRR250R | T96: =IFERROR(__xludf.DUMMYFUNCTION("""COMPUTED_VALUE"""),"PC") -> PC
A97: =IFERROR(__xludf.DUMMYFUNCTION("""COMPUTED_VALUE"""),"Test Driver") -> Test Driver | B97: =IFERROR(__xludf.DUMMYFUNCTION("""COMPUTED_VALUE"""),0.006944444444444444) -> 0.0069444444 | C97: =IFERROR(__xludf.DUMMYFUNCTION("""COMPUTED_VALUE"""),"S13") -> S13 | E97: =IFERROR(__xludf.DUMMYFUNCTION("""COMPUTED_VALUE"""),"Test Driver") -> Test Driver | F97: =IFERROR(__xludf.DUMMYFUNCTION("""COMPUTED_VALUE"""),0.006944444444444444) -> 0.0069444444 | G97: =IFERROR(__xludf.DUMMYFUNCTION("""COMPUTED_VALUE"""),"FD3S (RX7) V2") -> FD3S (RX7) V2 | M97: =IFERROR(__xludf.DUMMYFUNCTION("""COMPUTED_VALUE"""),"redfrogss") -> redfrogss | N97: =IFERROR(__xludf.DUMMYFUNCTION("""COMPUTED_VALUE"""),0.0032727662037037035) -> 0.0032727662 | O97: =IFERROR(__xludf.DUMMYFUNCTION("""COMPUTED_VALUE"""),"Wonder-ATTACK-2") -> Wonder-ATTACK-2 | P97: =IFERROR(__xludf.DUMMYFUNCTION("""COMPUTED_VALUE"""),"PCVR") -> PCVR | Q97: =IFERROR(__xludf.DUMMYFUNCTION("""COMPUTED_VALUE"""),"Kurotsuki.") -> Kurotsuki. | R97: =IFERROR(__xludf.DUMMYFUNCTION("""COMPUTED_VALUE"""),0.005090185185185185) -> 0.0050901852 | S97: =IFERROR(__xludf.DUMMYFUNCTION("""COMPUTED_VALUE"""),"VR-1_KOUKI") -> VR-1_KOUKI | T97: =IFERROR(__xludf.DUMMYFUNCTION("""COMPUTED_VALUE"""),"PC") -> PC
A98: =IFERROR(__xludf.DUMMYFUNCTION("""COMPUTED_VALUE"""),"Test Driver") -> Test Driver | B98: =IFERROR(__xludf.DUMMYFUNCTION("""COMPUTED_VALUE"""),0.006944444444444444) -> 0.0069444444 | C98: =IFERROR(__xludf.DUMMYFUNCTION("""COMPUTED_VALUE"""),"EVOIV/CN9A") -> EVOIV/CN9A | E98: =IFERROR(__xludf.DUMMYFUNCTION("""COMPUTED_VALUE"""),"Test Driver") -> Test Driver | F98: =IFERROR(__xludf.DUMMYFUNCTION("""COMPUTED_VALUE"""),0.006944444444444444) -> 0.0069444444 | G98: =IFERROR(__xludf.DUMMYFUNCTION("""COMPUTED_VALUE"""),"EVOIII/CE9A") -> EVOIII/CE9A | M98: =IFERROR(__xludf.DUMMYFUNCTION("""COMPUTED_VALUE"""),"redfrogss") -> redfrogss | N98: =IFERROR(__xludf.DUMMYFUNCTION("""COMPUTED_VALUE"""),0.0032924421296296295) -> 0.0032924421 | O98: =IFERROR(__xludf.DUMMYFUNCTION("""COMPUTED_VALUE"""),"DC5-ATTACK-1 (Integra)") -> DC5-ATTACK-1 (Integra) | P98: =IFERROR(__xludf.DUMMYFUNCTION("""COMPUTED_VALUE"""),"PCVR") -> PCVR
A99: =IFERROR(__xludf.DUMMYFUNCTION("""COMPUTED_VALUE"""),"Test Driver") -> Test Driver | B99: =IFERROR(__xludf.DUMMYFUNCTION("""COMPUTED_VALUE"""),0.006944444444444444) -> 0.0069444444 | C99: =IFERROR(__xludf.DUMMYFUNCTION("""COMPUTED_VALUE"""),"FD3S (RX7)(ST)") -> FD3S (RX7)(ST) | E99: =IFERROR(__xludf.DUMMYFUNCTION("""COMPUTED_VALUE"""),"Test Driver") -> Test Driver | F99: =IFERROR(__xludf.DUMMYFUNCTION("""COMPUTED_VALUE"""),0.006944444444444444) -> 0.0069444444 | G99: =IFERROR(__xludf.DUMMYFUNCTION("""COMPUTED_VALUE"""),"DB42 (GR Supra)") -> DB42 (GR Supra) | M99: =IFERROR(__xludf.DUMMYFUNCTION("""COMPUTED_VALUE"""),"BannRaven") -> BannRaven | N99: =IFERROR(__xludf.DUMMYFUNCTION("""COMPUTED_VALUE"""),0.003347800925925926) -> 0.0033478009 | O99: =IFERROR(__xludf.DUMMYFUNCTION("""COMPUTED_VALUE"""),"NSX") -> NSX | P99: =IFERROR(__xludf.DUMMYFUNCTION("""COMPUTED_VALUE"""),"PCVR") -> PCVR
A100: =IFERROR(__xludf.DUMMYFUNCTION("""COMPUTED_VALUE"""),"Test Driver") -> Test Driver | B100: =IFERROR(__xludf.DUMMYFUNCTION("""COMPUTED_VALUE"""),0.006944444444444444) -> 0.0069444444 | C100: =IFERROR(__xludf.DUMMYFUNCTION("""COMPUTED_VALUE"""),"FD3S (RX7)") -> FD3S (RX7) | E100: =IFERROR(__xludf.DUMMYFUNCTION("""COMPUTED_VALUE"""),"Test Driver") -> Test Driver | F100: =IFERROR(__xludf.DUMMYFUNCTION("""COMPUTED_VALUE"""),0.006944444444444444) -> 0.0069444444 | G100: =IFERROR(__xludf.DUMMYFUNCTION("""COMPUTED_VALUE"""),"S14Q") -> S14Q | M100: =IFERROR(__xludf.DUMMYFUNCTION("""COMPUTED_VALUE"""),"redfrogss") -> redfrogss | N100: =IFERROR(__xludf.DUMMYFUNCTION("""COMPUTED_VALUE"""),0.0037075694444444443) -> 0.0037075694 | O100: =IFERROR(__xludf.DUMMYFUNCTION("""COMPUTED_VALUE"""),"M.X GRMN-ATTACK-2") -> M.X GRMN-ATTACK-2 | P100: =IFERROR(__xludf.DUMMYFUNCTION("""COMPUTED_VALUE"""),"PCVR") -> PCVR
A102: Lake Akina ClockWise秋名湖/順向 | E102: Lake Akina Counter-Clockwise秋名湖/順向
A103: =IFERROR(__xludf.DUMMYFUNCTION("LET( 賽道, ""Lake Akina"", 路線, ""CW"", 系統, ""Sacc"", 原始, FILTER('歷史紀錄'!$E$2:$H1244, '歷史紀錄'!$B$2:$B1244=賽道, '歷史紀錄'!$C$2:$C1244=路線, '歷史紀錄'!$I$2:$I1244=系統), 排序後, SORT(原始, 2, TRUE), 車輛, INDEX(排序後,,3), 唯一車輛, UNIQUE(車輛), 結果, MAP(唯一車輛, LAMBDA(p"&", INDEX(FILTER(排序後, INDEX(排序後,,3)=p),1,0) )), 表頭, {""Player玩家"",""Time時間"",""Car車種"",""Platform平台""}, VSTACK(表頭, 結果) ) "),"Player玩家") -> Player玩家 | B103: =IFERROR(__xludf.DUMMYFUNCTION("""COMPUTED_VALUE"""),"Time時間") -> Time時間 | C103: =IFERROR(__xludf.DUMMYFUNCTION("""COMPUTED_VALUE"""),"Car車種") -> Car車種 | D103: =IFERROR(__xludf.DUMMYFUNCTION("""COMPUTED_VALUE"""),"Platform平台") -> Platform平台 | E103: =IFERROR(__xludf.DUMMYFUNCTION("LET( 賽道, ""Lake Akina"", 路線, ""CC"", 系統, ""Sacc"", 原始, FILTER('歷史紀錄'!$E$2:$H1244, '歷史紀錄'!$B$2:$B1244=賽道, '歷史紀錄'!$C$2:$C1244=路線, '歷史紀錄'!$I$2:$I1244=系統), 排序後, SORT(原始, 2, TRUE), 車輛, INDEX(排序後,,3), 唯一車輛, UNIQUE(車輛), 結果, MAP(唯一車輛, LAMBDA(p"&", INDEX(FILTER(排序後, INDEX(排序後,,3)=p),1,0) )), 表頭, {""Player玩家"",""Time時間"",""Car車種"",""Platform平台""}, VSTACK(表頭, 結果) ) "),"Player玩家") -> Player玩家 | F103: =IFERROR(__xludf.DUMMYFUNCTION("""COMPUTED_VALUE"""),"Time時間") -> Time時間 | G103: =IFERROR(__xludf.DUMMYFUNCTION("""COMPUTED_VALUE"""),"Car車種") -> Car車種 | H103: =IFERROR(__xludf.DUMMYFUNCTION("""COMPUTED_VALUE"""),"Platform平台") -> Platform平台
A104: =IFERROR(__xludf.DUMMYFUNCTION("""COMPUTED_VALUE"""),"Kinokono_Tenka") -> Kinokono_Tenka | B104: =IFERROR(__xludf.DUMMYFUNCTION("""COMPUTED_VALUE"""),0.0023247800925925923) -> 0.0023247801 | C104: =IFERROR(__xludf.DUMMYFUNCTION("""COMPUTED_VALUE"""),"GC8-F (Impreza)") -> GC8-F (Impreza) | D104: =IFERROR(__xludf.DUMMYFUNCTION("""COMPUTED_VALUE"""),"PCVR") -> PCVR | E104: =IFERROR(__xludf.DUMMYFUNCTION("""COMPUTED_VALUE"""),"Kinokono_Tenka") -> Kinokono_Tenka | F104: =IFERROR(__xludf.DUMMYFUNCTION("""COMPUTED_VALUE"""),0.0023247800925925923) -> 0.0023247801 | G104: =IFERROR(__xludf.DUMMYFUNCTION("""COMPUTED_VALUE"""),"GC8-F (Impreza)") -> GC8-F (Impreza) | H104: =IFERROR(__xludf.DUMMYFUNCTION("""COMPUTED_VALUE"""),"PCVR") -> PCVR
A105: =IFERROR(__xludf.DUMMYFUNCTION("""COMPUTED_VALUE"""),"RedFrogss") -> RedFrogss | B105: =IFERROR(__xludf.DUMMYFUNCTION("""COMPUTED_VALUE"""),0.002391400462962963) -> 0.0023914005 | C105: =IFERROR(__xludf.DUMMYFUNCTION("""COMPUTED_VALUE"""),"S15") -> S15 | D105: =IFERROR(__xludf.DUMMYFUNCTION("""COMPUTED_VALUE"""),"PCVR") -> PCVR | E105: =IFERROR(__xludf.DUMMYFUNCTION("""COMPUTED_VALUE"""),"StarRiver Arts") -> StarRiver Arts | F105: =IFERROR(__xludf.DUMMYFUNCTION("""COMPUTED_VALUE"""),0.0030210300925925925) -> 0.0030210301 | G105: =IFERROR(__xludf.DUMMYFUNCTION("""COMPUTED_VALUE"""),"AE86T-V2") -> AE86T-V2 | H105: =IFERROR(__xludf.DUMMYFUNCTION("""COMPUTED_VALUE"""),"PC") -> PC
...

Sheet 依車輛-賽道紀錄
A1: TOYOTA 86 HachiRoku (自家用) | I1: Mazda RX & others | Q1: Mistubishi Lancer EVOLUTION | Y1: Nissan GT-R | AG1: F1 | AO1: European Cars | AW1: CVS Custom
A2: AE86T | I2: FD3S (RX7) | Q2: EVOIII/CE9A | Y2: BNR32 | AG2: rb21(RedBull) | AO2: BMW M1 | AW2: Highline XL
A3: =IFERROR(__xludf.DUMMYFUNCTION("LET( 車輛, A2, 原始, FILTER('歷史紀錄'!$B$2:$I1010, '歷史紀錄'!$G$2:$G1010=車輛), 鍵, MAP(INDEX(原始,,1), INDEX(原始,,2), LAMBDA(b, r, b&""|""&r)), 唯一鍵, UNIQUE(鍵), 結果, MAP(唯一鍵, LAMBDA(k, LET( 篩選, FILTER(原始, MAP(INDEX(原始,,1), INDEX(原始,,2), LAMBDA(b, r, b&"&"""|""&r))=k), 最小, MIN(INDEX(篩選,,5)), INDEX(篩選, MATCH(最小, INDEX(篩選,,5), 0), ) ) )), 表頭, {""賽道名稱"",""路線"",""作者"",""玩家"",""時間"",""車輛"",""平台"",""系統""}, VSTACK(表頭, 結果) ) "),"賽道名稱") -> 賽道名稱 | B3: =IFERROR(__xludf.DUMMYFUNCTION("""COMPUTED_VALUE"""),"路線") -> 路線 | C3: =IFERROR(__xludf.DUMMYFUNCTION("""COMPUTED_VALUE"""),"作者") -> 作者 | D3: =IFERROR(__xludf.DUMMYFUNCTION("""COMPUTED_VALUE"""),"玩家") -> 玩家 | E3: =IFERROR(__xludf.DUMMYFUNCTION("""COMPUTED_VALUE"""),"時間") -> 時間 | F3: =IFERROR(__xludf.DUMMYFUNCTION("""COMPUTED_VALUE"""),"車輛") -> 車輛 | G3: =IFERROR(__xludf.DUMMYFUNCTION("""COMPUTED_VALUE"""),"平台") -> 平台 | H3: =IFERROR(__xludf.DUMMYFUNCTION("""COMPUTED_VALUE"""),"系統") -> 系統 | I3: =IFERROR(__xludf.DUMMYFUNCTION("LET( 車輛, I2, 原始, FILTER('歷史紀錄'!$B$2:$I1010, '歷史紀錄'!$G$2:$G1010=車輛), 鍵, MAP(INDEX(原始,,1), INDEX(原始,,2), LAMBDA(b, r, b&""|""&r)), 唯一鍵, UNIQUE(鍵), 結果, MAP(唯一鍵, LAMBDA(k, LET( 篩選, FILTER(原始, MAP(INDEX(原始,,1), INDEX(原始,,2), LAMBDA(b, r, b&"&"""|""&r))=k), 最小, MIN(INDEX(篩選,,5)), INDEX(篩選, MATCH(最小, INDEX(篩選,,5), 0), ) ) )), 表頭, {""賽道名稱"",""路線"",""作者"",""玩家"",""時間"",""車輛"",""平台"",""系統""}, VSTACK(表頭, 結果) ) "),"賽道名稱") -> 賽道名稱 | J3: =IFERROR(__xludf.DUMMYFUNCTION("""COMPUTED_VALUE"""),"路線") -> 路線 | K3: =IFERROR(__xludf.DUMMYFUNCTION("""COMPUTED_VALUE"""),"作者") -> 作者 | L3: =IFERROR(__xludf.DUMMYFUNCTION("""COMPUTED_VALUE"""),"玩家") -> 玩家 | M3: =IFERROR(__xludf.DUMMYFUNCTION("""COMPUTED_VALUE"""),"時間") -> 時間 | N3: =IFERROR(__xludf.DUMMYFUNCTION("""COMPUTED_VALUE"""),"車輛") -> 車輛 | O3: =IFERROR(__xludf.DUMMYFUNCTION("""COMPUTED_VALUE"""),"平台") -> 平台 | P3: =IFERROR(__xludf.DUMMYFUNCTION("""COMPUTED_VALUE"""),"系統") -> 系統 | Q3: =IFERROR(__xludf.DUMMYFUNCTION("LET( 車輛, Q2, 原始, FILTER('歷史紀錄'!$B$2:$I1010, '歷史紀錄'!$G$2:$G1010=車輛), 鍵, MAP(INDEX(原始,,1), INDEX(原始,,2), LAMBDA(b, r, b&""|""&r)), 唯一鍵, UNIQUE(鍵), 結果, MAP(唯一鍵, LAMBDA(k, LET( 篩選, FILTER(原始, MAP(INDEX(原始,,1), INDEX(原始,,2), LAMBDA(b, r, b&"&"""|""&r))=k), 最小, MIN(INDEX(篩選,,5)), INDEX(篩選, MATCH(最小, INDEX(篩選,,5), 0), ) ) )), 表頭, {""賽道名稱"",""路線"",""作者"",""玩家"",""時間"",""車輛"",""平台"",""系統""}, VSTACK(表頭, 結果) ) "),"賽道名稱") -> 賽道名稱 | R3: =IFERROR(__xludf.DUMMYFUNCTION("""COMPUTED_VALUE"""),"路線") -> 路線 | S3: =IFERROR(__xludf.DUMMYFUNCTION("""COMPUTED_VALUE"""),"作者") -> 作者 | T3: =IFERROR(__xludf.DUMMYFUNCTION("""COMPUTED_VALUE"""),"玩家") -> 玩家 | U3: =IFERROR(__xludf.DUMMYFUNCTION("""COMPUTED_VALUE"""),"時間") -> 時間 | V3: =IFERROR(__xludf.DUMMYFUNCTION("""COMPUTED_VALUE"""),"車輛") -> 車輛 | W3: =IFERROR(__xludf.DUMMYFUNCTION("""COMPUTED_VALUE"""),"平台") -> 平台 | X3: =IFERROR(__xludf.DUMMYFUNCTION("""COMPUTED_VALUE"""),"系統") -> 系統 | Y3: =IFERROR(__xludf.DUMMYFUNCTION("LET( 車輛, Y2, 原始, FILTER('歷史紀錄'!$B$2:$I1010, '歷史紀錄'!$G$2:$G1010=車輛), 鍵, MAP(INDEX(原始,,1), INDEX(原始,,2), LAMBDA(b, r, b&""|""&r)), 唯一鍵, UNIQUE(鍵), 結果, MAP(唯一鍵, LAMBDA(k, LET( 篩選, FILTER(原始, MAP(INDEX(原始,,1), INDEX(原始,,2), LAMBDA(b, r, b&"&"""|""&r))=k), 最小, MIN(INDEX(篩選,,5)), INDEX(篩選, MATCH(最小, INDEX(篩選,,5), 0), ) ) )), 表頭, {""賽道名稱"",""路線"",""作者"",""玩家"",""時間"",""車輛"",""平台"",""系統""}, VSTACK(表頭, 結果) ) "),"賽道名稱") -> 賽道名稱 | Z3: =IFERROR(__xludf.DUMMYFUNCTION("""COMPUTED_VALUE"""),"路線") -> 路線 | AA3: =IFERROR(__xludf.DUMMYFUNCTION("""COMPUTED_VALUE"""),"作者") -> 作者 | AB3: =IFERROR(__xludf.DUMMYFUNCTION("""COMPUTED_VALUE"""),"玩家") -> 玩家 | AC3: =IFERROR(__xludf.DUMMYFUNCTION("""COMPUTED_VALUE"""),"時間") -> 時間 | AD3: =IFERROR(__xludf.DUMMYFUNCTION("""COMPUTED_VALUE"""),"車輛") -> 車輛 | AE3: =IFERROR(__xludf.DUMMYFUNCTION("""COMPUTED_VALUE"""),"平台") -> 平台 | AF3: =IFERROR(__xludf.DUMMYFUNCTION("""COMPUTED_VALUE"""),"系統") -> 系統 | AG3: =IFERROR(__xludf.DUMMYFUNCTION("LET( 車輛, AG2, 原始, FILTER('歷史紀錄'!$B$2:$I1010, '歷史紀錄'!$G$2:$G1010=車輛), 鍵, MAP(INDEX(原始,,1), INDEX(原始,,2), LAMBDA(b, r, b&""|""&r)), 唯一鍵, UNIQUE(鍵), 結果, MAP(唯一鍵, LAMBDA(k, LET( 篩選, FILTER(原始, MAP(INDEX(原始,,1), INDEX(原始,,2), LAMBDA(b, r, b"&"&""|""&r))=k), 最小, MIN(INDEX(篩選,,5)), INDEX(篩選, MATCH(最小, INDEX(篩選,,5), 0), ) ) )), 表頭, {""賽道名稱"",""路線"",""作者"",""玩家"",""時間"",""車輛"",""平台"",""系統""}, VSTACK(表頭, 結果) ) "),"賽道名稱") -> 賽道名稱 | AH3: =IFERROR(__xludf.DUMMYFUNCTION("""COMPUTED_VALUE"""),"路線") -> 路線 | AI3: =IFERROR(__xludf.DUMMYFUNCTION("""COMPUTED_VALUE"""),"作者") -> 作者 | AJ3: =IFERROR(__xludf.DUMMYFUNCTION("""COMPUTED_VALUE"""),"玩家") -> 玩家 | AK3: =IFERROR(__xludf.DUMMYFUNCTION("""COMPUTED_VALUE"""),"時間") -> 時間 | AL3: =IFERROR(__xludf.DUMMYFUNCTION("""COMPUTED_VALUE"""),"車輛") -> 車輛 | AM3: =IFERROR(__xludf.DUMMYFUNCTION("""COMPUTED_VALUE"""),"平台") -> 平台 | AN3: =IFERROR(__xludf.DUMMYFUNCTION("""COMPUTED_VALUE"""),"系統") -> 系統 | AO3: =IFERROR(__xludf.DUMMYFUNCTION("LET( 車輛, AO2, 原始, FILTER('歷史紀錄'!$B$2:$I1010, '歷史紀錄'!$G$2:$G1010=車輛), 鍵, MAP(INDEX(原始,,1), INDEX(原始,,2), LAMBDA(b, r, b&""|""&r)), 唯一鍵, UNIQUE(鍵), 結果, MAP(唯一鍵, LAMBDA(k, LET( 篩選, FILTER(原始, MAP(INDEX(原始,,1), INDEX(原始,,2), LAMBDA(b, r, b"&"&""|""&r))=k), 最小, MIN(INDEX(篩選,,5)), INDEX(篩選, MATCH(最小, INDEX(篩選,,5), 0), ) ) )), 表頭, {""賽道名稱"",""路線"",""作者"",""玩家"",""時間"",""車輛"",""平台"",""系統""}, VSTACK(表頭, 結果) ) "),"賽道名稱") -> 賽道名稱 | AP3: =IFERROR(__xludf.DUMMYFUNCTION("""COMPUTED_VALUE"""),"路線") -> 路線 | AQ3: =IFERROR(__xludf.DUMMYFUNCTION("""COMPUTED_VALUE"""),"作者") -> 作者 | AR3: =IFERROR(__xludf.DUMMYFUNCTION("""COMPUTED_VALUE"""),"玩家") -> 玩家 | AS3: =IFERROR(__xludf.DUMMYFUNCTION("""COMPUTED_VALUE"""),"時間") -> 時間 | AT3: =IFERROR(__xludf.DUMMYFUNCTION("""COMPUTED_VALUE"""),"車輛") -> 車輛 | AU3: =IFERROR(__xludf.DUMMYFUNCTION("""COMPUTED_VALUE"""),"平台") -> 平台 | AV3: =IFERROR(__xludf.DUMMYFUNCTION("""COMPUTED_VALUE"""),"系統") -> 系統 | AW3: =IFERROR(__xludf.DUMMYFUNCTION("LET( 車輛, AW2, 原始, FILTER('歷史紀錄'!$B$2:$I1010, '歷史紀錄'!$G$2:$G1010=車輛), 鍵, MAP(INDEX(原始,,1), INDEX(原始,,2), LAMBDA(b, r, b&""|""&r)), 唯一鍵, UNIQUE(鍵), 結果, MAP(唯一鍵, LAMBDA(k, LET( 篩選, FILTER(原始, MAP(INDEX(原始,,1), INDEX(原始,,2), LAMBDA(b, r, b"&"&""|""&r))=k), 最小, MIN(INDEX(篩選,,5)), INDEX(篩選, MATCH(最小, INDEX(篩選,,5), 0), ) ) )), 表頭, {""賽道名稱"",""路線"",""作者"",""玩家"",""時間"",""車輛"",""平台"",""系統""}, VSTACK(表頭, 結果) ) "),"賽道名稱") -> 賽道名稱 | AX3: =IFERROR(__xludf.DUMMYFUNCTION("""COMPUTED_VALUE"""),"路線") -> 路線 | AY3: =IFERROR(__xludf.DUMMYFUNCTION("""COMPUTED_VALUE"""),"作者") -> 作者 | AZ3: =IFERROR(__xludf.DUMMYFUNCTION("""COMPUTED_VALUE"""),"玩家") -> 玩家 | BA3: =IFERROR(__xludf.DUMMYFUNCTION("""COMPUTED_VALUE"""),"時間") -> 時間 | BB3: =IFERROR(__xludf.DUMMYFUNCTION("""COMPUTED_VALUE"""),"車輛") -> 車輛 | BC3: =IFERROR(__xludf.DUMMYFUNCTION("""COMPUTED_VALUE"""),"平台") -> 平台 | BD3: =IFERROR(__xludf.DUMMYFUNCTION("""COMPUTED_VALUE"""),"系統") -> 系統
A4: =IFERROR(__xludf.DUMMYFUNCTION("""COMPUTED_VALUE"""),"Akina") -> Akina | B4: =IFERROR(__xludf.DUMMYFUNCTION("""COMPUTED_VALUE"""),"DH") -> DH | C4: =IFERROR(__xludf.DUMMYFUNCTION("""COMPUTED_VALUE"""),"Jintei") -> Jintei | D4: =IFERROR(__xludf.DUMMYFUNCTION("""COMPUTED_VALUE"""),"StarRiver Arts") -> StarRiver Arts | E4: =IFERROR(__xludf.DUMMYFUNCTION("""COMPUTED_VALUE"""),0.0032253124999999994) -> 0.0032253125 | F4: =IFERROR(__xludf.DUMMYFUNCTION("""COMPUTED_VALUE"""),"AE86T") -> AE86T | G4: =IFERROR(__xludf.DUMMYFUNCTION("""COMPUTED_VALUE"""),"PC") -> PC | H4: =IFERROR(__xludf.DUMMYFUNCTION("""COMPUTED_VALUE"""),"Sacc") -> Sacc | I4: =IFERROR(__xludf.DUMMYFUNCTION("""COMPUTED_VALUE"""),"Myogi (ASV)") -> Myogi (ASV) | J4: =IFERROR(__xludf.DUMMYFUNCTION("""COMPUTED_VALUE"""),"DH") -> DH | K4: =IFERROR(__xludf.DUMMYFUNCTION("""COMPUTED_VALUE"""),"Jintei") -> Jintei | L4: =IFERROR(__xludf.DUMMYFUNCTION("""COMPUTED_VALUE"""),"Yune") -> Yune | M4: =IFERROR(__xludf.DUMMYFUNCTION("""COMPUTED_VALUE"""),0.002291863425925926) -> 0.0022918634 | N4: =IFERROR(__xludf.DUMMYFUNCTION("""COMPUTED_VALUE"""),"FD3S (RX7)") -> FD3S (RX7) | O4: =IFERROR(__xludf.DUMMYFUNCTION("""COMPUTED_VALUE"""),"PC") -> PC | P4: =IFERROR(__xludf.DUMMYFUNCTION("""COMPUTED_VALUE"""),"Sacc") -> Sacc | Q4: =IFERROR(__xludf.DUMMYFUNCTION("""COMPUTED_VALUE"""),"Akagi") -> Akagi | R4: =IFERROR(__xludf.DUMMYFUNCTION("""COMPUTED_VALUE"""),"DH") -> DH | S4: =IFERROR(__xludf.DUMMYFUNCTION("""COMPUTED_VALUE"""),"Jintei") -> Jintei | T4: =IFERROR(__xludf.DUMMYFUNCTION("""COMPUTED_VALUE"""),"アビドサスヒカリ") -> アビドサスヒカリ | U4: =IFERROR(__xludf.DUMMYFUNCTION("""COMPUTED_VALUE"""),0.002350821759259259) -> 0.0023508218 | V4: =IFERROR(__xludf.DUMMYFUNCTION("""COMPUTED_VALUE"""),"EVOIII/CE9A") -> EVOIII/CE9A | W4: =IFERROR(__xludf.DUMMYFUNCTION("""COMPUTED_VALUE"""),"PCVR") -> PCVR | X4: =IFERROR(__xludf.DUMMYFUNCTION("""COMPUTED_VALUE"""),"Sacc") -> Sacc | Y4: =IFERROR(__xludf.DUMMYFUNCTION("""COMPUTED_VALUE"""),"Akina") -> Akina | Z4: =IFERROR(__xludf.DUMMYFUNCTION("""COMPUTED_VALUE"""),"DH") -> DH | AA4: =IFERROR(__xludf.DUMMYFUNCTION("""COMPUTED_VALUE"""),"Jintei") -> Jintei | AB4: =IFERROR(__xludf.DUMMYFUNCTION("""COMPUTED_VALUE"""),"Rushia Angel") -> Rushia Angel | AC4: =IFERROR(__xludf.DUMMYFUNCTION("""COMPUTED_VALUE"""),0.0025628472222222224) -> 0.0025628472 | AD4: =IFERROR(__xludf.DUMMYFUNCTION("""COMPUTED_VALUE"""),"BNR32") -> BNR32 | AE4: =IFERROR(__xludf.DUMMYFUNCTION("""COMPUTED_VALUE"""),"PC") -> PC | AF4: =IFERROR(__xludf.DUMMYFUNCTION("""COMPUTED_VALUE"""),"Sacc") -> Sacc | AG4: =IFERROR(__xludf.DUMMYFUNCTION("""COMPUTED_VALUE"""),"Silverstone") -> Silverstone | AI4: =IFERROR(__xludf.DUMMYFUNCTION("""COMPUTED_VALUE"""),"Aiden1408") -> Aiden1408 | AJ4: =IFERROR(__xludf.DUMMYFUNCTION("""COMPUTED_VALUE"""),"BannRaven") -> BannRaven | AK4: =IFERROR(__xludf.DUMMYFUNCTION("""COMPUTED_VALUE"""),8.630787037037036E-4) -> 0.0008630787 | AL4: =IFERROR(__xludf.DUMMYFUNCTION("""COMPUTED_VALUE"""),"rb21(RedBull)") -> rb21(RedBull) | AM4: =IFERROR(__xludf.DUMMYFUNCTION("""COMPUTED_VALUE"""),"PCVR") -> PCVR | AN4: =IFERROR(__xludf.DUMMYFUNCTION("""COMPUTED_VALUE"""),"CVS") -> CVS | AO4: =IFERROR(__xludf.DUMMYFUNCTION("""COMPUTED_VALUE"""),"Mt.Talkan") -> Mt.Talkan | AP4: =IFERROR(__xludf.DUMMYFUNCTION("""COMPUTED_VALUE"""),"UH") -> UH | AQ4: =IFERROR(__xludf.DUMMYFUNCTION("""COMPUTED_VALUE"""),"Jintei") -> Jintei | AR4: =IFERROR(__xludf.DUMMYFUNCTION("""COMPUTED_VALUE"""),"LinWu_05") -> LinWu_05 | AS4: =IFERROR(__xludf.DUMMYFUNCTION("""COMPUTED_VALUE"""),0.002331412037037037) -> 0.002331412 | AT4: =IFERROR(__xludf.DUMMYFUNCTION("""COMPUTED_VALUE"""),"BMW M1") -> BMW M1 | AU4: =IFERROR(__xludf.DUMMYFUNCTION("""COMPUTED_VALUE"""),"PC") -> PC | AV4: =IFERROR(__xludf.DUMMYFUNCTION("""COMPUTED_VALUE"""),"Sacc") -> Sacc | AW4: =IFERROR(__xludf.DUMMYFUNCTION("""COMPUTED_VALUE"""),"Momiji") -> Momiji | AX4: =IFERROR(__xludf.DUMMYFUNCTION("""COMPUTED_VALUE"""),"DH") -> DH | AY4: =IFERROR(__xludf.DUMMYFUNCTION("""COMPUTED_VALUE"""),"FoxBG") -> FoxBG | AZ4: =IFERROR(__xludf.DUMMYFUNCTION("""COMPUTED_VALUE"""),"Test Driver") -> Test Driver | BA4: =IFERROR(__xludf.DUMMYFUNCTION("""COMPUTED_VALUE"""),0.006944444444444444) -> 0.0069444444 | BB4: =IFERROR(__xludf.DUMMYFUNCTION("""COMPUTED_VALUE"""),"Highline XL") -> Highline XL | BD4: =IFERROR(__xludf.DUMMYFUNCTION("""COMPUTED_VALUE"""),"CVS") -> CVS
A5: =IFERROR(__xludf.DUMMYFUNCTION("""COMPUTED_VALUE"""),"Akina Snow") -> Akina Snow | B5: =IFERROR(__xludf.DUMMYFUNCTION("""COMPUTED_VALUE"""),"DH") -> DH | C5: =IFERROR(__xludf.DUMMYFUNCTION("""COMPUTED_VALUE"""),"Jintei") -> Jintei | D5: =IFERROR(__xludf.DUMMYFUNCTION("""COMPUTED_VALUE"""),"Lolidia") -> Lolidia | E5: =IFERROR(__xludf.DUMMYFUNCTION("""COMPUTED_VALUE"""),0.0026738657407407405) -> 0.0026738657 | F5: =IFERROR(__xludf.DUMMYFUNCTION("""COMPUTED_VALUE"""),"AE86T") -> AE86T | G5: =IFERROR(__xludf.DUMMYFUNCTION("""COMPUTED_VALUE"""),"PCVR") -> PCVR | H5: =IFERROR(__xludf.DUMMYFUNCTION("""COMPUTED_VALUE"""),"Sacc") -> Sacc | I5: =IFERROR(__xludf.DUMMYFUNCTION("""COMPUTED_VALUE"""),"Nanamagari") -> Nanamagari | J5: =IFERROR(__xludf.DUMMYFUNCTION("""COMPUTED_VALUE"""),"DH") -> DH | K5: =IFERROR(__xludf.DUMMYFUNCTION("""COMPUTED_VALUE"""),"Jintei") -> Jintei | L5: =IFERROR(__xludf.DUMMYFUNCTION("""COMPUTED_VALUE"""),"StarRiver Arts") -> StarRiver Arts | M5: =IFERROR(__xludf.DUMMYFUNCTION("""COMPUTED_VALUE"""),0.002544178240740741) -> 0.0025441782 | N5: =IFERROR(__xludf.DUMMYFUNCTION("""COMPUTED_VALUE"""),"FD3S (RX7)") -> FD3S (RX7) | O5: =IFERROR(__xludf.DUMMYFUNCTION("""COMPUTED_VALUE"""),"PC") -> PC | P5: =IFERROR(__xludf.DUMMYFUNCTION("""COMPUTED_VALUE"""),"Sacc") -> Sacc | Q5: =IFERROR(__xludf.DUMMYFUNCTION("""COMPUTED_VALUE"""),"Irohazaka") -> Irohazaka | R5: =IFERROR(__xludf.DUMMYFUNCTION("""COMPUTED_VALUE"""),"DH") -> DH | S5: =IFERROR(__xludf.DUMMYFUNCTION("""COMPUTED_VALUE"""),"Jintei ") -> Jintei | T5: =IFERROR(__xludf.DUMMYFUNCTION("""COMPUTED_VALUE"""),"アビドサスヒカリ") -> アビドサスヒカリ | U5: =IFERROR(__xludf.DUMMYFUNCTION("""COMPUTED_VALUE"""),0.002640046296296296) -> 0.0026400463 | V5: =IFERROR(__xludf.DUMMYFUNCTION("""COMPUTED_VALUE"""),"EVOIII/CE9A") -> EVOIII/CE9A | W5: =IFERROR(__xludf.DUMMYFUNCTION("""COMPUTED_VALUE"""),"PC") -> PC | X5: =IFERROR(__xludf.DUMMYFUNCTION("""COMPUTED_VALUE"""),"Sacc") -> Sacc | Y5: =IFERROR(__xludf.DUMMYFUNCTION("""COMPUTED_VALUE"""),"H-Nanamagari") -> H-Nanamagari | Z5: =IFERROR(__xludf.DUMMYFUNCTION("""COMPUTED_VALUE"""),"DH") -> DH | AA5: =IFERROR(__xludf.DUMMYFUNCTION("""COMPUTED_VALUE"""),"Jintei") -> Jintei | AB5: =IFERROR(__xludf.DUMMYFUNCTION("""COMPUTED_VALUE"""),"LinWu_05") -> LinWu_05 | AC5: =IFERROR(__xludf.DUMMYFUNCTION("""COMPUTED_VALUE"""),8.511342592592593E-4) -> 0.00085113426 | AD5: =IFERROR(__xludf.DUMMYFUNCTION("""COMPUTED_VALUE"""),"BNR32") -> BNR32 | AE5: =IFERROR(__xludf.DUMMYFUNCTION("""COMPUTED_VALUE"""),"PC") -> PC | AF5: =IFERROR(__xludf.DUMMYFUNCTION("""COMPUTED_VALUE"""),"Sacc") -> Sacc | AG5: =IFERROR(__xludf.DUMMYFUNCTION("""COMPUTED_VALUE"""),"Monaco") -> Monaco | AI5: =IFERROR(__xludf.DUMMYFUNCTION("""COMPUTED_VALUE"""),"Aiden1408") -> Aiden1408 | AJ5: =IFERROR(__xludf.DUMMYFUNCTION("""COMPUTED_VALUE"""),"ねぎたま") -> ねぎたま | AK5: =IFERROR(__xludf.DUMMYFUNCTION("""COMPUTED_VALUE"""),7.215740740740741E-4) -> 0.00072157407 | AL5: =IFERROR(__xludf.DUMMYFUNCTION("""COMPUTED_VALUE"""),"rb21(RedBull)") -> rb21(RedBull) | AM5: =IFERROR(__xludf.DUMMYFUNCTION("""COMPUTED_VALUE"""),"PCVR") -> PCVR | AN5: =IFERROR(__xludf.DUMMYFUNCTION("""COMPUTED_VALUE"""),"CVS") -> CVS | AO5: =IFERROR(__xludf.DUMMYFUNCTION("""COMPUTED_VALUE"""),"Mt.Talkan") -> Mt.Talkan | AP5: =IFERROR(__xludf.DUMMYFUNCTION("""COMPUTED_VALUE"""),"DH") -> DH | AQ5: =IFERROR(__xludf.DUMMYFUNCTION("""COMPUTED_VALUE"""),"Jintei") -> Jintei | AR5: =IFERROR(__xludf.DUMMYFUNCTION("""COMPUTED_VALUE"""),"LinWu_05") -> LinWu_05 | AS5: =IFERROR(__xludf.DUMMYFUNCTION("""COMPUTED_VALUE"""),0.0025902777777777777) -> 0.0025902778 | AT5: =IFERROR(__xludf.DUMMYFUNCTION("""COMPUTED_VALUE"""),"BMW M1") -> BMW M1 | AU5: =IFERROR(__xludf.DUMMYFUNCTION("""COMPUTED_VALUE"""),"PC") -> PC | AV5: =IFERROR(__xludf.DUMMYFUNCTION("""COMPUTED_VALUE"""),"Sacc") -> Sacc
A6: =IFERROR(__xludf.DUMMYFUNCTION("""COMPUTED_VALUE"""),"AkinaUN") -> AkinaUN | B6: =IFERROR(__xludf.DUMMYFUNCTION("""COMPUTED_VALUE"""),"DH") -> DH | C6: =IFERROR(__xludf.DUMMYFUNCTION("""COMPUTED_VALUE"""),"Jintei") -> Jintei | D6: =IFERROR(__xludf.DUMMYFUNCTION("""COMPUTED_VALUE"""),"Lolidia") -> Lolidia | E6: =IFERROR(__xludf.DUMMYFUNCTION("""COMPUTED_VALUE"""),0.0025432175925925926) -> 0.0025432176 | F6: =IFERROR(__xludf.DUMMYFUNCTION("""COMPUTED_VALUE"""),"AE86T") -> AE86T | G6: =IFERROR(__xludf.DUMMYFUNCTION("""COMPUTED_VALUE"""),"PCVR") -> PCVR | H6: =IFERROR(__xludf.DUMMYFUNCTION("""COMPUTED_VALUE"""),"Sacc") -> Sacc | I6: =IFERROR(__xludf.DUMMYFUNCTION("""COMPUTED_VALUE"""),"Usui V1") -> Usui V1 | J6: =IFERROR(__xludf.DUMMYFUNCTION("""COMPUTED_VALUE"""),"CW") -> CW | K6: =IFERROR(__xludf.DUMMYFUNCTION("""COMPUTED_VALUE"""),"Jintei") -> Jintei | L6: =IFERROR(__xludf.DUMMYFUNCTION("""COMPUTED_VALUE"""),"アビドサスヒカリ") -> アビドサスヒカリ | M6: =IFERROR(__xludf.DUMMYFUNCTION("""COMPUTED_VALUE"""),0.0025139467592592596) -> 0.0025139468 | N6: =IFERROR(__xludf.DUMMYFUNCTION("""COMPUTED_VALUE"""),"FD3S (RX7)") -> FD3S (RX7) | O6: =IFERROR(__xludf.DUMMYFUNCTION("""COMPUTED_VALUE"""),"PC") -> PC | P6: =IFERROR(__xludf.DUMMYFUNCTION("""COMPUTED_VALUE"""),"Sacc") -> Sacc | Q6: =IFERROR(__xludf.DUMMYFUNCTION("""COMPUTED_VALUE"""),"PT:9T") -> PT:9T | R6: =IFERROR(__xludf.DUMMYFUNCTION("""COMPUTED_VALUE"""),"DH") -> DH | S6: =IFERROR(__xludf.DUMMYFUNCTION("""COMPUTED_VALUE"""),"StarRiver Arts") -> StarRiver Arts | T6: =IFERROR(__xludf.DUMMYFUNCTION("""COMPUTED_VALUE"""),"MotherEVO") -> MotherEVO | U6: =IFERROR(__xludf.DUMMYFUNCTION("""COMPUTED_VALUE"""),0.0038710300925925926) -> 0.0038710301 | V6: =IFERROR(__xludf.DUMMYFUNCTION("""COMPUTED_VALUE"""),"EVOIII/CE9A") -> EVOIII/CE9A | W6: =IFERROR(__xludf.DUMMYFUNCTION("""COMPUTED_VALUE"""),"PCVR") -> PCVR | X6: =IFERROR(__xludf.DUMMYFUNCTION("""COMPUTED_VALUE"""),"CVS") -> CVS | Y6: =IFERROR(__xludf.DUMMYFUNCTION("""COMPUTED_VALUE"""),"H-Nanamagari") -> H-Nanamagari | Z6: =IFERROR(__xludf.DUMMYFUNCTION("""COMPUTED_VALUE"""),"UH") -> UH | AA6: =IFERROR(__xludf.DUMMYFUNCTION("""COMPUTED_VALUE"""),"Jintei") -> Jintei | AB6: =IFERROR(__xludf.DUMMYFUNCTION("""COMPUTED_VALUE"""),"LinWu_05") -> LinWu_05 | AC6: =IFERROR(__xludf.DUMMYFUNCTION("""COMPUTED_VALUE"""),8.899305555555556E-4) -> 0.00088993056 | AD6: =IFERROR(__xludf.DUMMYFUNCTION("""COMPUTED_VALUE"""),"BNR32") -> BNR32 | AE6: =IFERROR(__xludf.DUMMYFUNCTION("""COMPUTED_VALUE"""),"PC") -> PC | AF6: =IFERROR(__xludf.DUMMYFUNCTION("""COMPUTED_VALUE"""),"Sacc") -> Sacc | AG6: =IFERROR(__xludf.DUMMYFUNCTION("""COMPUTED_VALUE"""),"Suzuka") -> Suzuka | AJ6: =IFERROR(__xludf.DUMMYFUNCTION("""COMPUTED_VALUE"""),"BannRaven") -> BannRaven | AK6: =IFERROR(__xludf.DUMMYFUNCTION("""COMPUTED_VALUE"""),0.0010842708333333334) -> 0.0010842708 | AL6: =IFERROR(__xludf.DUMMYFUNCTION("""COMPUTED_VALUE"""),"rb21(RedBull)") -> rb21(RedBull) | AM6: =IFERROR(__xludf.DUMMYFUNCTION("""COMPUTED_VALUE"""),"PCVR") -> PCVR | AN6: =IFERROR(__xludf.DUMMYFUNCTION("""COMPUTED_VALUE"""),"CVS") -> CVS
